{"b":0.1,"L":3.141592653589793,"B":1.5,"max_iter":20000,"N":10,"solver":"Broyden","tol":1.0e-8,"iterations":[2.0,9.0,9.0,8.0,9.0,10.0,10.0,15.0,14.0,22.0],"E":0.25,"initial_guess":[0.8153764022845229,1.0,0.001,1.0e-16,1.0e-16,1.0e-16,1.0e-16,1.0e-16,1.0e-16,1.0e-16,1.0e-16,1.0e-16],"errors":[3.135432344246047e-11,3.026294565525893e-7,2.5385302271477613e-7,4.7386512491950396e-7,1.60591460510473e-7,4.6705323514956493e-8,3.8737364699038485e-8,3.545890295372657e-9,1.5717556017786703e-9,1.5907827790448464e-9],"branchN":10,"a1Vals":[0.001,0.0339,0.0668,0.0997,0.1326,0.1655,0.1984,0.2313,0.2642,0.2971,0.33]}