{"b":0.1,"L":3.141592653589793,"B":1.5,"max_iter":40000,"N":10,"solver":"Broyden","tol":1.0e-8,"iterations":[2.0,9.0,9.0,8.0,9.0,10.0,10.0,15.0,14.0,22.0],"E":0.25,"initial_guess":[0.8153764022845229,1.0,0.001,1.0e-16,1.0e-16,1.0e-16,1.0e-16,1.0e-16,1.0e-16,1.0e-16,1.0e-16,1.0e-16],"errors":[3.135432344246047e-11,3.0263215713661333e-7,2.538568444328936e-7,4.7386640867252287e-7,1.6026949609421724e-7,4.670489660649933e-8,3.7809446478497e-8,3.545880237442653e-9,1.2752206347652992e-9,1.5907940643760344e-9],"branchN":10,"flags":[0.0,0.0,0.0,0.0,0.0,0.0,0.0,0.0,0.0,0.0],"a1Vals":[0.001,0.0339,0.0668,0.0997,0.1326,0.1655,0.1984,0.2313,0.2642,0.2971,0.33]}