{"b":0.1,"L":3.141592653589793,"B":1.5,"max_iter":40000,"N":32,"solver":"Broyden","tol":1.0e-12,"iterations":[3.0,8.0,10.0,7.0,7.0,7.0,7.0,7.0,7.0,7.0,7.0,7.0,7.0,7.0,7.0,7.0,7.0,7.0,7.0,7.0,10.0,10.0,10.0,10.0,10.0,10.0,10.0,10.0,10.0,10.0,10.0,10.0,10.0,10.0,10.0,10.0,10.0,10.0,10.0,10.0,10.0,10.0,10.0,10.0,10.0,10.0,10.0,10.0,10.0,10.0,10.0,10.0,10.0,10.0,14.0,10.0,14.0,12.0,10.0,14.0,12.0,12.0,13.0,11.0,15.0,13.0,13.0,13.0,13.0,13.0,13.0,17.0,13.0,13.0,28.0,13.0,20.0,14.0,18.0,18.0,13.0,14.0,18.0,29.0,17.0,23.0,22.0,35.0,26.0,46.0,37.0,69.0,91.0,115.0,63.0,41.0,149.0,77.0,125.0,26.0],"E":0.25,"initial_guess":[0.8153764022845229,1.0,0.001,1.0e-16,1.0e-16,1.0e-16,1.0e-16,1.0e-16,1.0e-16,1.0e-16,1.0e-16,1.0e-16,1.0e-16,1.0e-16,1.0e-16,1.0e-16,1.0e-16,1.0e-16,1.0e-16,1.0e-16,1.0e-16,1.0e-16,1.0e-16,1.0e-16,1.0e-16,1.0e-16,1.0e-16,1.0e-16,1.0e-16,1.0e-16,1.0e-16,1.0e-16,1.0e-16,1.0e-16],"errors":[1.5767411546498407e-14,8.187115754649211e-13,2.859897052551181e-14,4.786911767754058e-12,2.1623540615790454e-12,1.3898630434097287e-12,1.0078524097120293e-12,8.82725744542443e-13,7.995943117540074e-13,7.482802158646458e-13,7.124077897141003e-13,6.881529930009627e-13,6.654391164365506e-13,6.562337030437657e-13,6.410591300825356e-13,6.318323407973214e-13,6.281867446351206e-13,6.248362381515774e-13,6.217337928031906e-13,6.189173570004974e-13,1.0035890651404704e-13,1.0080616423451146e-13,9.93678275474618e-14,9.76297115665815e-14,9.817371511805202e-14,9.949076421051382e-14,9.824612661079674e-14,9.954695380795219e-14,1.0183388050732106e-13,1.0150009201994715e-13,1.0504209562136887e-13,1.0728523884644494e-13,1.0782612121207276e-13,1.073113117439772e-13,1.117689940363334e-13,1.1894967392551203e-13,1.14705701836592e-13,1.1798687901557565e-13,1.1926912345727615e-13,1.2480551739831338e-13,1.2821406333520184e-13,1.3386853402177356e-13,1.469137952161695e-13,1.44863081466092e-13,1.5885743805283042e-13,1.5884839885720562e-13,1.913536648073815e-13,1.7719678135798133e-13,1.9954261783470524e-13,1.983343068913698e-13,2.8412288063593896e-13,2.3149106016397825e-13,2.51684005436572e-13,5.877343595470238e-13,2.0376818603458875e-13,4.2473536666187637e-13,2.512898015653443e-13,7.607049774714831e-13,4.707049157481948e-13,3.90507919490432e-13,2.100089175898386e-13,1.026142271244246e-13,5.725187701639371e-13,8.111515333364336e-13,5.435513886640533e-14,1.1003040391150025e-13,4.528028232211351e-13,5.229498552720508e-13,1.7907579245153785e-13,6.226874103100501e-13,1.6595562422486364e-13,8.106555173570544e-13,5.153225112410591e-13,5.024864941533162e-14,2.456705049835279e-13,2.8773425055626837e-13,2.6430884621763526e-14,4.72799768163431e-13,1.1567164689058915e-13,7.269651158635148e-13,2.108681218950392e-13,1.155496082064909e-12,1.060095564758692e-12,4.1418758855201884e-13,1.7308401412073109e-13,1.217322633512315e-13,5.124957135894874e-13,1.91642592619716e-13,9.666590503977312e-13,2.0707663776726256e-13,3.4547285713016084e-13,4.4984102405612494e-13,1.1944723217950254e-13,2.3811350612110547e-13,8.376268912934834e-14,2.0737821332074929e-13,6.768399542854024e-14,4.988119117726486e-13,2.059107091286357e-13,5.86033231125005e-14],"branchN":100,"flags":[0.0,0.0,0.0,0.0,0.0,0.0,0.0,0.0,0.0,0.0,0.0,0.0,0.0,0.0,0.0,0.0,0.0,0.0,0.0,0.0,0.0,0.0,0.0,0.0,0.0,0.0,0.0,0.0,0.0,0.0,0.0,0.0,0.0,0.0,0.0,0.0,0.0,0.0,0.0,0.0,0.0,0.0,0.0,0.0,0.0,0.0,0.0,0.0,0.0,0.0,0.0,0.0,0.0,0.0,0.0,0.0,0.0,0.0,0.0,0.0,0.0,0.0,0.0,0.0,0.0,0.0,0.0,0.0,0.0,0.0,0.0,0.0,0.0,0.0,0.0,0.0,0.0,0.0,0.0,0.0,0.0,0.0,0.0,0.0,0.0,0.0,0.0,0.0,0.0,0.0,0.0,0.0,0.0,0.0,0.0,0.0,0.0,0.0,0.0,0.0],"a1Vals":[0.001,0.00429,0.00758,0.01087,0.01416,0.01745,0.02074,0.02403,0.02732,0.03061,0.0339,0.03719,0.04048,0.04377,0.04706,0.05035,0.05364,0.05693,0.06022,0.06351,0.0668,0.07009,0.07338,0.07667,0.07996,0.08325,0.08654,0.08983,0.09312,0.09641,0.0997,0.10299,0.10628,0.10957,0.11286,0.11615,0.11944,0.12273,0.12602,0.12931,0.1326,0.13589,0.13918,0.14247,0.14576,0.14905,0.15234,0.15563,0.15892,0.16221,0.1655,0.16879,0.17208,0.17537,0.17866,0.18195,0.18524,0.18853,0.19182,0.19511,0.1984,0.20169,0.20498,0.20827,0.21156,0.21485,0.21814,0.22143,0.22472,0.22801,0.2313,0.23459,0.23788,0.24117,0.24446,0.24775,0.25104,0.25433,0.25762,0.26091,0.2642,0.26749,0.27078,0.27407,0.27736,0.28065,0.28394,0.28723,0.29052,0.29381,0.2971,0.30039,0.30368,0.30697,0.31026,0.31355,0.31684,0.32013,0.32342,0.32671,0.33]}