{"b":0.1,"L":3.141592653589793,"B":1.5,"max_iter":5000,"N":36,"solver":"Newton","tol":1.0e-8,"iterations":[2.0,3.0,3.0,3.0,3.0,3.0,3.0,3.0,3.0,3.0,3.0,3.0,3.0,3.0,3.0,3.0,3.0,3.0,3.0,3.0,3.0,3.0,3.0,3.0,3.0,3.0,3.0,3.0,3.0,3.0,3.0,3.0,3.0,3.0,3.0,3.0,3.0,3.0,3.0,3.0,3.0,3.0,3.0,3.0,3.0,3.0,3.0,3.0,3.0,3.0,3.0,3.0,3.0,3.0,3.0,3.0,3.0,3.0,3.0,3.0,3.0,3.0,3.0,3.0,4.0,4.0,3.0,4.0,3.0,4.0,4.0,4.0,4.0,4.0,4.0,4.0,4.0,4.0,4.0,4.0,4.0,4.0,4.0,4.0,4.0,4.0,4.0,4.0,4.0,4.0,4.0,5.0,5.0,4.0,5.0,5.0,5.0,5.0,7.0,9.0],"E":0.25,"initial_guess":[0.8153764022845229,1.0,0.001,1.0e-12,1.0e-10,1.0e-10,1.0e-10,1.0e-10,1.0e-10,1.0e-10,1.0e-10,1.0e-10,1.0e-10,1.0e-10,1.0e-10,1.0e-10,1.0e-10,1.0e-10,1.0e-10,1.0e-10,1.0e-10,1.0e-10,1.0e-10,1.0e-10,1.0e-10,1.0e-10,1.0e-10,1.0e-10,1.0e-10,1.0e-10,1.0e-10,1.0e-10,1.0e-10,1.0e-10,1.0e-10,1.0e-10,1.0e-10,1.0e-10],"errors":[3.000841056825499e-14,3.1382111017322413e-14,2.4955242831327064e-14,2.103891826818735e-14,2.7310018065682808e-14,3.2470829642829646e-14,2.2051570978852996e-12,2.2052303257503058e-12,2.2052171258637374e-12,2.2051869039031903e-12,2.205260207040182e-12,2.2051852150913584e-12,2.2052633022374667e-12,2.205274610626125e-12,2.2052492445157135e-12,2.205179133875699e-12,2.205136944182952e-12,2.2051592706937557e-12,2.2052211311868162e-12,2.2052045364975635e-12,2.4993841282557366e-14,1.669109754335425e-14,1.5985142088105717e-14,1.958117788108032e-14,1.9912216599317688e-14,1.7477418923697015e-14,1.7991848563121992e-14,3.328768374929779e-14,1.9152619812862334e-14,1.3945918584635854e-14,2.1068558708262873e-14,2.0863928557012494e-14,2.584863924897213e-14,3.19006366798365e-14,1.8090200867669325e-14,1.0288225549634469e-14,2.1246385054137497e-14,2.4062819202442147e-14,2.88260131657117e-14,3.221151230696697e-14,2.6760427947086697e-14,2.261288624403733e-14,2.491964602285214e-14,1.972817182966034e-14,2.0557747405875368e-14,8.509830512168924e-14,2.253999871419398e-14,1.983272968471344e-14,8.489421358290782e-14,5.3217714146451914e-14,3.398863157497832e-14,3.237923697080467e-13,1.168562570043279e-13,1.0609236035121076e-12,3.215153594158562e-13,5.796702099783472e-13,1.7156518562139954e-12,1.276340057581546e-13,1.9983095045564e-12,2.112764695746869e-12,1.6741641132849994e-12,9.414681388641712e-13,3.1504065412364654e-12,7.479839191567558e-12,2.0790957850620163e-14,1.669693089665863e-14,1.29198568020021e-11,3.5037098957092555e-14,1.758417743381008e-11,4.0300206119996046e-14,1.946213343659635e-14,1.794128130339125e-14,8.74364518935103e-14,6.521988495355522e-14,5.120748201545393e-13,1.1874182917984787e-13,1.801122015152846e-13,1.382977041165033e-13,1.124475245855583e-13,1.0013777283860525e-12,5.46036994887618e-12,7.713392487759338e-13,2.131180931538536e-14,1.2104236381291253e-12,1.0389501107460938e-11,1.228360968766506e-12,1.8453174461205024e-11,8.00285033374352e-12,5.182559544989459e-12,1.5420288724900513e-11,5.183486509759566e-12,3.3518810595014983e-13,7.917091396974843e-13,2.7928013494987548e-11,1.2645195056349548e-11,4.536604673896798e-12,5.098596052454873e-12,1.0842206906378852e-11,1.1364549797044384e-12,5.283832379942369e-12],"branchN":100,"flags":[0.0,0.0,0.0,0.0,0.0,0.0,0.0,0.0,0.0,0.0,0.0,0.0,0.0,0.0,0.0,0.0,0.0,0.0,0.0,0.0,0.0,0.0,0.0,0.0,0.0,0.0,0.0,0.0,0.0,0.0,0.0,0.0,0.0,0.0,0.0,0.0,0.0,0.0,0.0,0.0,0.0,0.0,0.0,0.0,0.0,0.0,0.0,0.0,0.0,0.0,0.0,0.0,0.0,0.0,0.0,0.0,0.0,0.0,0.0,0.0,0.0,0.0,0.0,0.0,0.0,0.0,0.0,0.0,0.0,0.0,0.0,0.0,0.0,0.0,0.0,0.0,0.0,0.0,0.0,0.0,0.0,0.0,0.0,0.0,0.0,0.0,0.0,0.0,0.0,0.0,0.0,0.0,0.0,0.0,0.0,0.0,0.0,0.0,0.0,0.0],"a1Vals":[0.001,0.00429,0.00758,0.01087,0.01416,0.01745,0.02074,0.02403,0.02732,0.03061,0.0339,0.03719,0.04048,0.04377,0.04706,0.05035,0.05364,0.05693,0.06022,0.06351,0.0668,0.07009,0.07338,0.07667,0.07996,0.08325,0.08654,0.08983,0.09312,0.09641,0.0997,0.10299,0.10628,0.10957,0.11286,0.11615,0.11944,0.12273,0.12602,0.12931,0.1326,0.13589,0.13918,0.14247,0.14576,0.14905,0.15234,0.15563,0.15892,0.16221,0.1655,0.16879,0.17208,0.17537,0.17866,0.18195,0.18524,0.18853,0.19182,0.19511,0.1984,0.20169,0.20498,0.20827,0.21156,0.21485,0.21814,0.22143,0.22472,0.22801,0.2313,0.23459,0.23788,0.24117,0.24446,0.24775,0.25104,0.25433,0.25762,0.26091,0.2642,0.26749,0.27078,0.27407,0.27736,0.28065,0.28394,0.28723,0.29052,0.29381,0.2971,0.30039,0.30368,0.30697,0.31026,0.31355,0.31684,0.32013,0.32342,0.32671,0.33]}