{"b":0.1,"L":3.141592653589793,"B":1.5,"max_iter":5000,"N":36,"solver":"NewtonRaphson","tol":1.0e-8,"iterations":[2.0,3.0,3.0,3.0,3.0,3.0,3.0,3.0,3.0,3.0,3.0,3.0,3.0,3.0,3.0,3.0,3.0,3.0,3.0,3.0,3.0,3.0,3.0,3.0,3.0,3.0,3.0,3.0,3.0,3.0,3.0,3.0,3.0,3.0,3.0,3.0,3.0,3.0,3.0,3.0,3.0,3.0,3.0,3.0,3.0,3.0,3.0,3.0,3.0,3.0,3.0,3.0,3.0,3.0,3.0,3.0,3.0,3.0,3.0,3.0,3.0,3.0,3.0,3.0,3.0,3.0,3.0,4.0,4.0,4.0,4.0,4.0,3.0,4.0,4.0,4.0,4.0,4.0,4.0,4.0,4.0,4.0,4.0,4.0,4.0,4.0,4.0,4.0,4.0,4.0,4.0,4.0,5.0,4.0,5.0,5.0,5.0,8.0,6.0,11.0],"E":0.25,"initial_guess":[0.8153764022845229,1.0,0.001,1.0e-12,1.0e-10,1.0e-10,1.0e-10,1.0e-10,1.0e-10,1.0e-10,1.0e-10,1.0e-10,1.0e-10,1.0e-10,1.0e-10,1.0e-10,1.0e-10,1.0e-10,1.0e-10,1.0e-10,1.0e-10,1.0e-10,1.0e-10,1.0e-10,1.0e-10,1.0e-10,1.0e-10,1.0e-10,1.0e-10,1.0e-10,1.0e-10,1.0e-10,1.0e-10,1.0e-10,1.0e-10,1.0e-10,1.0e-10,1.0e-10],"errors":[3.000841056825499e-14,2.0705052479684e-14,2.4365940022910906e-14,2.03221003497845e-14,2.97849048442031e-14,2.1190200616548854e-14,2.2053388896267708e-12,2.2052002302057385e-12,2.2051507148780253e-12,2.205188629477403e-12,2.2052498617845664e-12,2.2051529079303415e-12,2.205338035686579e-12,2.205203440642618e-12,2.2051507911951877e-12,2.2051943024121833e-12,2.2052099749855902e-12,2.2051539398201023e-12,2.2051611174549832e-12,2.205211663445542e-12,1.8578423168437295e-14,2.5517933030081918e-14,1.779128790254538e-14,1.513506968852138e-14,1.562529994612836e-14,1.5843205043444882e-14,2.1555770043730425e-14,1.7731221991613116e-14,2.003223953461707e-14,1.872656648419868e-14,1.9286228649950836e-14,1.2632377399451895e-14,2.4238450150940886e-14,1.4705322528753545e-14,1.967476520015988e-14,1.231738496803556e-14,1.4921169580592247e-14,2.627414896307226e-14,1.2789063646682215e-14,2.6198774857739236e-14,2.8298165805838917e-14,1.9290672473541332e-14,3.016348026334433e-14,1.4806507135089025e-14,2.890119774042761e-14,5.716795204552667e-14,1.3142923562703248e-14,2.4294894386397077e-14,3.942177109727736e-14,2.6558022921012183e-14,2.654961657377311e-13,1.0265682769191883e-13,2.153355056764787e-14,1.9882260443443432e-13,2.438376632389906e-13,1.3507777091389145e-13,3.651019901318728e-13,3.3350810598549383e-13,1.3109636314093528e-12,8.465833246595194e-13,3.656599014674769e-12,1.4371178817268319e-12,4.6901162345989904e-12,6.582669711458727e-12,4.144654583975566e-12,3.9328131736236885e-12,6.4727130206423935e-12,3.3936271655683515e-14,2.636242951453979e-14,9.665895502255825e-14,1.9364952765083392e-14,2.9030581534451035e-14,2.4089033827908908e-11,7.68431470968455e-14,3.0352492059433096e-13,3.8600153314192846e-13,7.518439373083302e-14,1.5433573910438054e-12,3.043142718406435e-12,1.9098679809809457e-13,3.1243003501606794e-13,3.698979742903442e-12,2.541927473999546e-13,1.2909694419091146e-12,2.898160140867247e-11,6.6499975190530265e-12,1.2784424454901602e-11,7.302585046784973e-12,1.6522557839538295e-12,1.5326005354719863e-11,5.257679679439476e-11,3.542766441911324e-10,2.365999068518942e-12,1.7960580936375663e-11,2.3997763532243408e-12,8.283027974505304e-12,1.6839565955091966e-11,7.545842196922932e-13,3.75388662711415e-12,4.78375863566514e-12],"branchN":100,"a1Vals":[0.001,0.00429,0.00758,0.01087,0.01416,0.01745,0.02074,0.02403,0.02732,0.03061,0.0339,0.03719,0.04048,0.04377,0.04706,0.05035,0.05364,0.05693,0.06022,0.06351,0.0668,0.07009,0.07338,0.07667,0.07996,0.08325,0.08654,0.08983,0.09312,0.09641,0.0997,0.10299,0.10628,0.10957,0.11286,0.11615,0.11944,0.12273,0.12602,0.12931,0.1326,0.13589,0.13918,0.14247,0.14576,0.14905,0.15234,0.15563,0.15892,0.16221,0.1655,0.16879,0.17208,0.17537,0.17866,0.18195,0.18524,0.18853,0.19182,0.19511,0.1984,0.20169,0.20498,0.20827,0.21156,0.21485,0.21814,0.22143,0.22472,0.22801,0.2313,0.23459,0.23788,0.24117,0.24446,0.24775,0.25104,0.25433,0.25762,0.26091,0.2642,0.26749,0.27078,0.27407,0.27736,0.28065,0.28394,0.28723,0.29052,0.29381,0.2971,0.30039,0.30368,0.30697,0.31026,0.31355,0.31684,0.32013,0.32342,0.32671,0.33]}