{"b":0.1,"L":3.141592653589793,"B":1.5,"max_iter":20000,"N":16,"solver":"Broyden","tol":1.0e-8,"iterations":[2.0,6.0,5.0,5.0,5.0,5.0,5.0,5.0,5.0,5.0,5.0,5.0,5.0,5.0,5.0,5.0,5.0,5.0,5.0,5.0,5.0,5.0,5.0,5.0,5.0,5.0,5.0,5.0,5.0,5.0,5.0,5.0,5.0,5.0,5.0,5.0,5.0,5.0,5.0,5.0,5.0,5.0,5.0,5.0,5.0,5.0,5.0,5.0,5.0,5.0,5.0,5.0,5.0,5.0,5.0,5.0,5.0,5.0,5.0,5.0,5.0,5.0,5.0,5.0,5.0,5.0,5.0,5.0,5.0,5.0,5.0,5.0,5.0,5.0,5.0,5.0,5.0,5.0,5.0,5.0,5.0,5.0,5.0,5.0,5.0,5.0,5.0,6.0,5.0,6.0,6.0,6.0,6.0,10.0,7.0,8.0,7.0,9.0,7.0,16.0],"E":0.25,"initial_guess":[0.8153764022845229,1.0,0.001,1.0e-16,1.0e-16,1.0e-16,1.0e-16,1.0e-16,1.0e-16,1.0e-16,1.0e-16,1.0e-16,1.0e-16,1.0e-16,1.0e-16,1.0e-16,1.0e-16,1.0e-16],"errors":[3.153903064341462e-11,4.3006261297537136e-10,1.0383830739669381e-8,7.242037255919964e-9,5.6204793307092215e-9,4.622647218402647e-9,3.9450019005256755e-9,3.454773669720904e-9,3.0839075870531606e-9,2.7938971374563383e-9,2.561176804798843e-9,2.3705564816365936e-9,2.2117512156278976e-9,2.077598978198465e-9,1.962945324855314e-9,1.863942032079146e-9,1.777711243395522e-9,1.7021139702988921e-9,1.6353109857802916e-9,1.5760130447652387e-9,1.5231811656816587e-9,1.4757295691447583e-9,1.4330393514801814e-9,1.3945251130572385e-9,1.3596379793132027e-9,1.3280247390635422e-9,1.299244162579316e-9,1.2730559598800865e-9,1.2491991307339258e-9,1.2274447273640838e-9,1.2075976907532328e-9,1.189515005659371e-9,1.1730498228803792e-9,1.1580596851714642e-9,1.14450374742212e-9,1.132234949336847e-9,1.1212267083889095e-9,1.1114006172854478e-9,1.1027034671554285e-9,1.0951062221278883e-9,1.088578118924725e-9,1.0830926825645486e-9,1.078651667426538e-9,1.0752606517458584e-9,1.072894265827986e-9,1.071621290410287e-9,1.0714076480048368e-9,1.0723752509378556e-9,1.0744096997441778e-9,1.0777785442299124e-9,1.0823034176161658e-9,1.0884152811506797e-9,1.0956809618258734e-9,1.1048929637080098e-9,1.1153360970765644e-9,1.1282503931289707e-9,1.1422135965069631e-9,1.1596159136374475e-9,1.1777092833987774e-9,1.2007049151976385e-9,1.2234915758750013e-9,1.253363681860881e-9,1.28167074756627e-9,1.3205509025784051e-9,1.3552208869082882e-9,1.4054851642126278e-9,1.4473284539199578e-9,1.5133105469720706e-9,1.5631723623596953e-9,1.6503923300009088e-9,1.7086570869457349e-9,1.8270392384149566e-9,1.8922664868228923e-9,2.0595534359499e-9,2.125471350183543e-9,2.3789530453036722e-9,2.425042991934944e-9,2.848137967791257e-9,2.8150915698814127e-9,3.612357868661374e-9,3.334461421149448e-9,4.992944957508355e-9,4.037869849666718e-9,7.774730540151804e-9,5.028895755154969e-9,1.3849068421304568e-8,6.479187103902274e-9,1.0173574221423812e-9,8.730525830401113e-9,1.3802053200306724e-9,5.783798489612698e-10,1.1729439326412257e-8,3.974741069031669e-9,2.5224941626361128e-8,7.852129943304678e-11,2.9044692355894965e-9,3.1638138493859943e-10,8.153209995067817e-8,2.5321994903230872e-9,2.8826679902869813e-8],"branchN":100,"flags":[0.0,0.0,0.0,0.0,0.0,0.0,0.0,0.0,0.0,0.0,0.0,0.0,0.0,0.0,0.0,0.0,0.0,0.0,0.0,0.0,0.0,0.0,0.0,0.0,0.0,0.0,0.0,0.0,0.0,0.0,0.0,0.0,0.0,0.0,0.0,0.0,0.0,0.0,0.0,0.0,0.0,0.0,0.0,0.0,0.0,0.0,0.0,0.0,0.0,0.0,0.0,0.0,0.0,0.0,0.0,0.0,0.0,0.0,0.0,0.0,0.0,0.0,0.0,0.0,0.0,0.0,0.0,0.0,0.0,0.0,0.0,0.0,0.0,0.0,0.0,0.0,0.0,0.0,0.0,0.0,0.0,0.0,0.0,0.0,0.0,0.0,0.0,0.0,0.0,0.0,0.0,0.0,0.0,0.0,0.0,0.0,0.0,0.0,0.0,0.0],"a1Vals":[0.001,0.00429,0.00758,0.01087,0.01416,0.01745,0.02074,0.02403,0.02732,0.03061,0.0339,0.03719,0.04048,0.04377,0.04706,0.05035,0.05364,0.05693,0.06022,0.06351,0.0668,0.07009,0.07338,0.07667,0.07996,0.08325,0.08654,0.08983,0.09312,0.09641,0.0997,0.10299,0.10628,0.10957,0.11286,0.11615,0.11944,0.12273,0.12602,0.12931,0.1326,0.13589,0.13918,0.14247,0.14576,0.14905,0.15234,0.15563,0.15892,0.16221,0.1655,0.16879,0.17208,0.17537,0.17866,0.18195,0.18524,0.18853,0.19182,0.19511,0.1984,0.20169,0.20498,0.20827,0.21156,0.21485,0.21814,0.22143,0.22472,0.22801,0.2313,0.23459,0.23788,0.24117,0.24446,0.24775,0.25104,0.25433,0.25762,0.26091,0.2642,0.26749,0.27078,0.27407,0.27736,0.28065,0.28394,0.28723,0.29052,0.29381,0.2971,0.30039,0.30368,0.30697,0.31026,0.31355,0.31684,0.32013,0.32342,0.32671,0.33]}