{"b":0.1,"L":3.141592653589793,"B":1.5,"max_iter":40000,"N":32,"solver":"Broyden","tol":1.0e-11,"iterations":[2.0,8.0,7.0,6.0,6.0,7.0,7.0,7.0,6.0,6.0,6.0,6.0,6.0,6.0,6.0,6.0,6.0,6.0,6.0,6.0,8.0,8.0,8.0,8.0,8.0,8.0,8.0,8.0,8.0,8.0,8.0,8.0,8.0,8.0,8.0,8.0,8.0,8.0,8.0,8.0,8.0,8.0,10.0,10.0,10.0,10.0,10.0,10.0,10.0,10.0,10.0,10.0,10.0,10.0,10.0,10.0,10.0,10.0,10.0,10.0,11.0,14.0,12.0,14.0,13.0,11.0,9.0,11.0,11.0,11.0,11.0,9.0,9.0,11.0,11.0,13.0,9.0,11.0,9.0,9.0,13.0,13.0,13.0,9.0,11.0,13.0,12.0,12.0,11.0,16.0,12.0,12.0,12.0,17.0,27.0,29.0,24.0,39.0,27.0,115.0],"E":0.25,"initial_guess":[0.8153764022845229,1.0,0.001,1.0e-16,1.0e-16,1.0e-16,1.0e-16,1.0e-16,1.0e-16,1.0e-16,1.0e-16,1.0e-16,1.0e-16,1.0e-16,1.0e-16,1.0e-16,1.0e-16,1.0e-16,1.0e-16,1.0e-16,1.0e-16,1.0e-16,1.0e-16,1.0e-16,1.0e-16,1.0e-16,1.0e-16,1.0e-16,1.0e-16,1.0e-16,1.0e-16,1.0e-16,1.0e-16,1.0e-16],"errors":[3.157235068341188e-11,8.13755386067531e-13,3.5603063386149745e-12,1.3848912185139894e-10,1.0809479421027714e-10,1.3853279648102374e-12,1.0067506298656941e-12,8.810640764747188e-13,6.39817971555294e-11,5.895604675392719e-11,5.4934572033110884e-11,5.164857970745456e-11,4.8928313979164195e-11,4.665002699901878e-11,4.4723249928767714e-11,4.30836949036397e-11,4.167004262526766e-11,4.0457260909727315e-11,3.940824380566224e-11,3.850329724487889e-11,5.045747727817746e-12,4.898575939215713e-12,4.7912731576277404e-12,4.7183631000743286e-12,4.67341780468572e-12,4.655700812108858e-12,4.660886697156171e-12,4.691819770208525e-12,4.737113224161798e-12,4.807751082406738e-12,4.895986419814987e-12,5.004136988268276e-12,5.134107385623171e-12,5.288572046513381e-12,5.4619448088735804e-12,5.6607428918791265e-12,5.886087682877666e-12,6.1415918048739846e-12,6.428388244807573e-12,6.753766946280029e-12,7.1139760390547846e-12,7.524911796347297e-12,1.3785357641296333e-13,1.4608644075297058e-13,1.493829815328242e-13,1.5645737054305937e-13,2.7011899345813817e-13,2.2164649729680374e-13,1.843513170536235e-13,3.858522982840635e-13,2.481312293185094e-13,2.487664198265525e-13,2.4543390693331387e-13,4.207988893723236e-13,5.247545260126722e-13,3.5543974967965275e-13,4.813408804509656e-13,6.969766149724095e-13,6.119847634372795e-13,7.301489656182054e-13,5.362629861904825e-13,2.7433509968549206e-13,2.6438964392112066e-13,3.120450317166482e-14,1.9498999567098794e-14,3.363769764729243e-12,6.115001200954705e-12,2.804578700403527e-12,1.9524971253382478e-12,2.5979726443751213e-12,2.596697850297465e-12,3.686370327707787e-12,1.8141619094665814e-12,3.801802084651163e-12,6.365597404041088e-12,1.3682358330114638e-12,4.048736335770508e-12,3.312984029008406e-12,4.565365454496759e-12,7.1436144961110635e-12,1.9263187532533273e-13,8.086659696427421e-13,1.427026386507569e-12,5.614282333216623e-12,1.9817130005874006e-12,2.1327429171980762e-12,1.7491621470620918e-12,2.831682298485653e-12,2.9045622698389225e-12,5.261484117558059e-13,3.644004049264079e-12,3.495266794228253e-13,3.57761457304635e-12,1.4038702572858718e-12,3.4532155668827647e-12,4.106804184452867e-12,1.640734549385497e-12,1.246418945253167e-12,7.253001965907122e-13,3.9926794658275897e-13],"branchN":100,"a1Vals":[0.001,0.00429,0.00758,0.01087,0.01416,0.01745,0.02074,0.02403,0.02732,0.03061,0.0339,0.03719,0.04048,0.04377,0.04706,0.05035,0.05364,0.05693,0.06022,0.06351,0.0668,0.07009,0.07338,0.07667,0.07996,0.08325,0.08654,0.08983,0.09312,0.09641,0.0997,0.10299,0.10628,0.10957,0.11286,0.11615,0.11944,0.12273,0.12602,0.12931,0.1326,0.13589,0.13918,0.14247,0.14576,0.14905,0.15234,0.15563,0.15892,0.16221,0.1655,0.16879,0.17208,0.17537,0.17866,0.18195,0.18524,0.18853,0.19182,0.19511,0.1984,0.20169,0.20498,0.20827,0.21156,0.21485,0.21814,0.22143,0.22472,0.22801,0.2313,0.23459,0.23788,0.24117,0.24446,0.24775,0.25104,0.25433,0.25762,0.26091,0.2642,0.26749,0.27078,0.27407,0.27736,0.28065,0.28394,0.28723,0.29052,0.29381,0.2971,0.30039,0.30368,0.30697,0.31026,0.31355,0.31684,0.32013,0.32342,0.32671,0.33]}