{"b":0.1,"L":3.141592653589793,"B":1.5,"max_iter":40000,"N":32,"solver":"Broyden","tol":1.0e-11,"iterations":[2.0,8.0,7.0,6.0,6.0,7.0,7.0,7.0,6.0,6.0,6.0,6.0,6.0,6.0,6.0,6.0,6.0,6.0,6.0,6.0,8.0,8.0,8.0,8.0,8.0,8.0,8.0,8.0,8.0,8.0,8.0,8.0,8.0,8.0,8.0,8.0,8.0,8.0,8.0,8.0,8.0,8.0,10.0,10.0,10.0,10.0,10.0,10.0,10.0,10.0,10.0,10.0,10.0,10.0,10.0,10.0,10.0,10.0,10.0,11.0,11.0,11.0,11.0,15.0,13.0,11.0,9.0,9.0,11.0,9.0,11.0,9.0,11.0,11.0,9.0,11.0,9.0,11.0,11.0,11.0,13.0,9.0,13.0,16.0,11.0,12.0,11.0,11.0,15.0,15.0,24.0,13.0,11.0,26.0,28.0,14.0,25.0,41.0,20.0,49.0],"E":0.25,"initial_guess":[0.8153764022845229,1.0,0.001,1.0e-16,1.0e-16,1.0e-16,1.0e-16,1.0e-16,1.0e-16,1.0e-16,1.0e-16,1.0e-16,1.0e-16,1.0e-16,1.0e-16,1.0e-16,1.0e-16,1.0e-16,1.0e-16,1.0e-16,1.0e-16,1.0e-16,1.0e-16,1.0e-16,1.0e-16,1.0e-16,1.0e-16,1.0e-16,1.0e-16,1.0e-16,1.0e-16,1.0e-16,1.0e-16,1.0e-16],"errors":[3.157235068341188e-11,8.13755386067531e-13,3.5603063386149745e-12,1.3848912185139894e-10,1.0809479421027714e-10,1.3853279648102374e-12,1.0067506298656941e-12,8.810640764747188e-13,6.39817971555294e-11,5.895604675392719e-11,5.4934608974926006e-11,5.164916939764677e-11,4.893045349922855e-11,4.665001859284581e-11,4.472281526375428e-11,4.308058782134113e-11,4.166906649241287e-11,4.045557916613843e-11,3.940823826509797e-11,3.8502225277875424e-11,5.045484887563654e-12,4.898470322386074e-12,4.7905633581725195e-12,4.718587470140255e-12,4.6763849062096294e-12,4.65482989888878e-12,4.660387306778109e-12,4.690034110910784e-12,4.738237170662657e-12,4.806275078712119e-12,4.89354556160117e-12,5.0042654792990255e-12,5.134562612086167e-12,5.289119018776221e-12,5.462227874061187e-12,5.6611231673872244e-12,5.884985656992157e-12,6.141727919773388e-12,6.429638983419346e-12,6.7549057545110964e-12,7.11101072483757e-12,7.521420278039099e-12,1.3707675964191721e-13,1.4386293001213379e-13,1.4801353587745944e-13,1.5711983039354373e-13,1.762245815907687e-13,1.7693425120565107e-13,1.8981277952183036e-13,2.63749234788556e-13,2.3834900345852465e-13,2.798888603220748e-13,2.5284905291609276e-13,4.425551044445012e-13,5.12883094258173e-13,8.330472583491331e-13,9.72657342560791e-13,1.7874474911940622e-12,4.4249009296275394e-13,6.801843932235532e-13,4.832037597437853e-13,4.705683147363862e-13,3.533251257095327e-13,4.706048904705237e-14,1.0693936388930476e-14,3.7919943057018496e-14,3.646957841838865e-12,6.039347423017248e-12,2.0400722804626074e-12,6.1247843271691e-12,3.781899681279e-12,3.976231774152154e-12,4.370365175985883e-13,5.681962375193528e-12,4.063569930080407e-12,8.864567645805926e-13,3.056631960928981e-12,4.81844412301357e-12,2.2919900295768204e-12,2.078737481399811e-12,7.35123586008885e-13,5.327397830903277e-12,6.015366453947446e-13,1.8341954270039926e-12,2.4749293976719546e-12,3.917939544728117e-12,2.1630577407688297e-12,5.960096826859541e-12,1.7027297296781329e-12,6.540272713739826e-12,4.826102549677118e-12,3.000696173107979e-12,9.917468700139545e-13,1.2911410000798656e-12,4.3838818557549414e-12,8.436251475249305e-13,1.626126771184458e-12,1.937521852884328e-12,6.104634038773517e-12,3.6356452522218506e-12],"branchN":100,"flags":[0.0,0.0,0.0,0.0,0.0,0.0,0.0,0.0,0.0,0.0,0.0,0.0,0.0,0.0,0.0,0.0,0.0,0.0,0.0,0.0,0.0,0.0,0.0,0.0,0.0,0.0,0.0,0.0,0.0,0.0,0.0,0.0,0.0,0.0,0.0,0.0,0.0,0.0,0.0,0.0,0.0,0.0,0.0,0.0,0.0,0.0,0.0,0.0,0.0,0.0,0.0,0.0,0.0,0.0,0.0,0.0,0.0,0.0,0.0,0.0,0.0,0.0,0.0,0.0,0.0,0.0,0.0,0.0,0.0,0.0,0.0,0.0,0.0,0.0,0.0,0.0,0.0,0.0,0.0,0.0,0.0,0.0,0.0,0.0,0.0,0.0,0.0,0.0,0.0,0.0,0.0,0.0,0.0,0.0,0.0,0.0,0.0,0.0,0.0,0.0],"a1Vals":[0.001,0.00429,0.00758,0.01087,0.01416,0.01745,0.02074,0.02403,0.02732,0.03061,0.0339,0.03719,0.04048,0.04377,0.04706,0.05035,0.05364,0.05693,0.06022,0.06351,0.0668,0.07009,0.07338,0.07667,0.07996,0.08325,0.08654,0.08983,0.09312,0.09641,0.0997,0.10299,0.10628,0.10957,0.11286,0.11615,0.11944,0.12273,0.12602,0.12931,0.1326,0.13589,0.13918,0.14247,0.14576,0.14905,0.15234,0.15563,0.15892,0.16221,0.1655,0.16879,0.17208,0.17537,0.17866,0.18195,0.18524,0.18853,0.19182,0.19511,0.1984,0.20169,0.20498,0.20827,0.21156,0.21485,0.21814,0.22143,0.22472,0.22801,0.2313,0.23459,0.23788,0.24117,0.24446,0.24775,0.25104,0.25433,0.25762,0.26091,0.2642,0.26749,0.27078,0.27407,0.27736,0.28065,0.28394,0.28723,0.29052,0.29381,0.2971,0.30039,0.30368,0.30697,0.31026,0.31355,0.31684,0.32013,0.32342,0.32671,0.33]}