{"b":0.1,"L":3.141592653589793,"B":1.5,"max_iter":20000,"N":38,"solver":"Broyden","tol":1.0e-8,"iterations":[2.0,6.0,5.0,5.0,5.0,5.0,5.0,5.0,5.0,5.0,5.0,5.0,5.0,5.0,5.0,5.0,5.0,5.0,5.0,5.0,5.0,5.0,5.0,5.0,5.0,5.0,5.0,5.0,5.0,5.0,5.0,5.0,5.0,5.0,5.0,5.0,5.0,5.0,5.0,5.0,5.0,5.0,5.0,5.0,5.0,5.0,5.0,5.0,5.0,5.0,5.0,5.0,5.0,5.0,5.0,5.0,5.0,5.0,5.0,5.0,5.0,5.0,5.0,5.0,5.0,5.0,5.0,5.0,5.0,5.0,5.0,5.0,5.0,5.0,5.0,5.0,6.0,6.0,6.0,6.0,6.0,6.0,6.0,5.0,6.0,6.0,6.0,7.0,5.0,6.0,6.0,7.0,8.0,9.0,10.0,9.0,9.0,13.0,10.0,28.0],"E":0.25,"initial_guess":[0.8153764022845229,1.0,0.001,1.0e-16,1.0e-16,1.0e-16,1.0e-16,1.0e-16,1.0e-16,1.0e-16,1.0e-16,1.0e-16,1.0e-16,1.0e-16,1.0e-16,1.0e-16,1.0e-16,1.0e-16,1.0e-16,1.0e-16,1.0e-16,1.0e-16,1.0e-16,1.0e-16,1.0e-16,1.0e-16,1.0e-16,1.0e-16,1.0e-16,1.0e-16,1.0e-16,1.0e-16,1.0e-16,1.0e-16,1.0e-16,1.0e-16,1.0e-16,1.0e-16,1.0e-16,1.0e-16],"errors":[3.155058814785341e-11,4.304716718183529e-10,1.0387183282999808e-8,7.244033793220696e-9,5.622143640189517e-9,4.624173195036618e-9,3.946422296909066e-9,3.456091874240849e-9,3.0851804469559894e-9,2.795095660355824e-9,2.5623221657040903e-9,2.371636196987487e-9,2.2127715921530745e-9,2.0785622959281482e-9,1.963852549521788e-9,1.8648241208947174e-9,1.7785665810961033e-9,1.7029067399311428e-9,1.636073297886678e-9,1.5767315223478557e-9,1.5238544531035922e-9,1.4763838501168963e-9,1.4336559419563914e-9,1.3951024803800324e-9,1.360185159013862e-9,1.3285124536111967e-9,1.2997110010844234e-9,1.2734962651364133e-9,1.2495982941703983e-9,1.2278053030373723e-9,1.207929380536237e-9,1.1898065119102117e-9,1.1733104647703747e-9,1.1582993402423598e-9,1.1446793676414559e-9,1.1324146213250736e-9,1.1213541092545163e-9,1.1114742536336473e-9,1.1027752035549368e-9,1.0951449114176463e-9,1.0885967861885245e-9,1.0830678254688075e-9,1.0785749209093986e-9,1.0750376287251991e-9,1.0726471950849591e-9,1.071545542602752e-9,1.0709007989124487e-9,1.0719693345775822e-9,1.0741044149248432e-9,1.0777235141989977e-9,1.0824673746797809e-9,1.0877516110321148e-9,1.0945565687935192e-9,1.104516561104587e-9,1.1137010868555328e-9,1.1245623214414132e-9,1.1424955834714937e-9,1.1598269726748571e-9,1.1798086844956168e-9,1.1995750017175553e-9,1.2273769593107293e-9,1.251677019559202e-9,1.273595336925205e-9,1.2824348625329751e-9,1.3188481418383922e-9,1.3737621418256059e-9,1.3823698278096283e-9,1.3748006935923513e-9,1.5556220821319013e-9,1.5150457281675378e-9,1.69753676815046e-9,1.7913750587856591e-9,1.9036206384312057e-9,4.827453483570442e-9,2.1437326794819744e-9,2.8352681717037e-9,1.3805599747062366e-10,4.5058558323515363e-10,4.241802063338664e-10,5.239488232166232e-10,5.13126479186542e-10,7.580625382693591e-10,5.676888542118308e-10,4.542061805778608e-9,1.0396638180031638e-9,1.3065838878788841e-9,1.6260842694791217e-9,7.079245636279481e-9,8.22117063802632e-9,4.009535859093141e-9,3.1656700936119595e-9,6.960610025665907e-10,1.4120049431851935e-9,8.498594565672901e-10,9.9626336700833e-10,2.4838196657136818e-9,6.316438852299188e-10,4.819564375050952e-9,2.2752161231074343e-9,2.845605075900439e-10],"branchN":100,"flags":[0.0,0.0,0.0,0.0,0.0,0.0,0.0,0.0,0.0,0.0,0.0,0.0,0.0,0.0,0.0,0.0,0.0,0.0,0.0,0.0,0.0,0.0,0.0,0.0,0.0,0.0,0.0,0.0,0.0,0.0,0.0,0.0,0.0,0.0,0.0,0.0,0.0,0.0,0.0,0.0,0.0,0.0,0.0,0.0,0.0,0.0,0.0,0.0,0.0,0.0,0.0,0.0,0.0,0.0,0.0,0.0,0.0,0.0,0.0,0.0,0.0,0.0,0.0,0.0,0.0,0.0,0.0,0.0,0.0,0.0,0.0,0.0,0.0,0.0,0.0,0.0,0.0,0.0,0.0,0.0,0.0,0.0,0.0,0.0,0.0,0.0,0.0,0.0,0.0,0.0,0.0,0.0,0.0,0.0,0.0,0.0,0.0,0.0,0.0,0.0],"a1Vals":[0.001,0.00429,0.00758,0.01087,0.01416,0.01745,0.02074,0.02403,0.02732,0.03061,0.0339,0.03719,0.04048,0.04377,0.04706,0.05035,0.05364,0.05693,0.06022,0.06351,0.0668,0.07009,0.07338,0.07667,0.07996,0.08325,0.08654,0.08983,0.09312,0.09641,0.0997,0.10299,0.10628,0.10957,0.11286,0.11615,0.11944,0.12273,0.12602,0.12931,0.1326,0.13589,0.13918,0.14247,0.14576,0.14905,0.15234,0.15563,0.15892,0.16221,0.1655,0.16879,0.17208,0.17537,0.17866,0.18195,0.18524,0.18853,0.19182,0.19511,0.1984,0.20169,0.20498,0.20827,0.21156,0.21485,0.21814,0.22143,0.22472,0.22801,0.2313,0.23459,0.23788,0.24117,0.24446,0.24775,0.25104,0.25433,0.25762,0.26091,0.2642,0.26749,0.27078,0.27407,0.27736,0.28065,0.28394,0.28723,0.29052,0.29381,0.2971,0.30039,0.30368,0.30697,0.31026,0.31355,0.31684,0.32013,0.32342,0.32671,0.33]}