{"b":0.1,"L":3.141592653589793,"B":1.5,"max_iter":40000,"N":26,"solver":"Broyden","tol":1.0e-15,"iterations":[6.0,24.0,16.0,27.0,11.0,11.0,12.0,13.0,12.0,11.0,11.0,17.0,10.0,18.0,14.0,13.0,16.0,12.0,10.0,14.0,13.0,20.0,16.0,15.0,14.0,14.0,14.0,15.0,14.0,14.0,18.0,14.0,16.0,14.0,16.0,14.0,14.0,18.0,14.0,18.0,14.0,16.0,16.0,17.0,20.0,16.0,20.0,18.0,16.0,17.0,20.0,18.0,19.0,19.0,24.0,18.0,18.0,17.0,21.0,20.0,27.0,29.0,43.0,120.0,16.0,25.0,63.0,31.0,38.0,31.0,25.0,127.0,53.0,78.0,121.0,83.0,198.0,81.0,272.0,258.0,544.0,99.0,251.0,251.0,217.0,139.0,261.0,248.0,249.0,464.0,532.0,410.0,811.0,719.0,368.0,724.0,784.0,923.0,331.0,302.0],"E":0.25,"initial_guess":[0.8153764022845229,1.0,0.001,1.0e-16,1.0e-16,1.0e-16,1.0e-16,1.0e-16,1.0e-16,1.0e-16,1.0e-16,1.0e-16,1.0e-16,1.0e-16,1.0e-16,1.0e-16,1.0e-16,1.0e-16,1.0e-16,1.0e-16,1.0e-16,1.0e-16,1.0e-16,1.0e-16,1.0e-16,1.0e-16,1.0e-16,1.0e-16],"errors":[1.9720990800279213e-15,4.618588781441309e-15,5.350167313296219e-15,8.050047232393718e-15,2.37929291681294e-14,1.7839619924042128e-14,8.954186206682164e-15,1.3989119018437604e-14,7.127576628273921e-15,5.237927660848565e-15,8.997719203534412e-15,1.3674130307828316e-14,1.8788578792443216e-14,7.755446773948773e-15,8.062263873104524e-15,1.03408051906962e-14,7.0772044435315606e-15,4.457178735037677e-15,2.1730439127953254e-14,6.600528025394468e-15,8.867476556728609e-15,1.0676083552733152e-14,8.730215286188873e-15,7.692959615974224e-15,9.706662471694931e-15,1.2576651723564055e-14,1.348160971090237e-14,4.930348018755846e-15,2.1381396964933682e-14,1.360923139265862e-14,9.6712005926346e-15,1.8415263517439064e-14,8.603284269382637e-15,2.6911110247220448e-14,1.2208384715055412e-14,1.5959231021493372e-14,2.0262447625484853e-14,7.322982478794516e-15,2.1367290161504986e-14,1.0059980101458297e-14,1.507915787410514e-14,1.6913108481522167e-14,1.791199656859626e-14,8.811676355645206e-15,1.5127862400009404e-14,2.3497082558785478e-14,1.0969773802880474e-14,1.4112015826200216e-14,2.2390371977344217e-14,5.5895060774719425e-15,7.556210056730044e-15,1.2524576757895909e-14,1.161914429709073e-14,1.057705895250446e-14,1.6016417314458548e-14,1.55963960584662e-14,1.718337268858702e-14,1.0639842643079513e-14,8.287492221704882e-15,1.176071617147976e-14,1.3509293183062358e-14,1.6424115599898065e-14,6.4971794860260805e-15,1.893363700140407e-14,1.0140114829600355e-14,1.2221070149617595e-14,8.518723145244858e-15,1.0465774087669868e-14,2.5270722354938626e-14,1.0987142014739864e-14,1.520785620590364e-14,2.441614234581018e-14,1.1129358338075029e-14,9.050256526169092e-15,7.975246656924146e-15,1.0740300519169885e-14,1.1659326285209903e-14,1.925346706714449e-14,1.2252040817306676e-14,1.727124631345077e-14,8.277232099088124e-15,3.0039872520547073e-14,1.1368363486402574e-14,1.7339096533745482e-14,4.598888797357779e-15,1.0966796186164567e-14,1.477137963718837e-14,9.6329376160469e-15,1.4430702759104218e-14,8.250749888496359e-15,1.0342581326871112e-14,1.1282581598966019e-14,1.665329419353239e-14,9.52657756379564e-15,1.0323814924534377e-14,1.2707477113355532e-14,2.691170584701799e-14,1.3549443410589523e-14,9.394771533724966e-15,2.034119230583953e-14],"branchN":100,"flags":[0.0,0.0,0.0,0.0,0.0,0.0,0.0,0.0,0.0,0.0,0.0,0.0,0.0,0.0,0.0,0.0,0.0,0.0,0.0,0.0,0.0,0.0,0.0,0.0,0.0,0.0,0.0,0.0,0.0,0.0,0.0,0.0,0.0,0.0,0.0,0.0,0.0,0.0,0.0,0.0,0.0,0.0,0.0,0.0,0.0,0.0,0.0,0.0,0.0,0.0,0.0,0.0,0.0,0.0,0.0,0.0,0.0,0.0,0.0,0.0,0.0,0.0,0.0,0.0,0.0,0.0,0.0,0.0,0.0,0.0,0.0,0.0,0.0,0.0,0.0,0.0,0.0,0.0,0.0,0.0,0.0,0.0,0.0,0.0,0.0,0.0,0.0,0.0,0.0,0.0,0.0,0.0,0.0,0.0,0.0,0.0,0.0,0.0,0.0,0.0],"a1Vals":[0.001,0.00429,0.00758,0.01087,0.01416,0.01745,0.02074,0.02403,0.02732,0.03061,0.0339,0.03719,0.04048,0.04377,0.04706,0.05035,0.05364,0.05693,0.06022,0.06351,0.0668,0.07009,0.07338,0.07667,0.07996,0.08325,0.08654,0.08983,0.09312,0.09641,0.0997,0.10299,0.10628,0.10957,0.11286,0.11615,0.11944,0.12273,0.12602,0.12931,0.1326,0.13589,0.13918,0.14247,0.14576,0.14905,0.15234,0.15563,0.15892,0.16221,0.1655,0.16879,0.17208,0.17537,0.17866,0.18195,0.18524,0.18853,0.19182,0.19511,0.1984,0.20169,0.20498,0.20827,0.21156,0.21485,0.21814,0.22143,0.22472,0.22801,0.2313,0.23459,0.23788,0.24117,0.24446,0.24775,0.25104,0.25433,0.25762,0.26091,0.2642,0.26749,0.27078,0.27407,0.27736,0.28065,0.28394,0.28723,0.29052,0.29381,0.2971,0.30039,0.30368,0.30697,0.31026,0.31355,0.31684,0.32013,0.32342,0.32671,0.33]}