{"b":0.1,"L":3.141592653589793,"B":1.5,"max_iter":50000,"N":26,"solver":"Broyden","tol":1.0e-15,"iterations":[6.0,24.0,16.0,27.0,11.0,11.0,12.0,13.0,12.0,11.0,14.0,13.0,13.0,12.0,14.0,20.0,13.0,19.0,14.0,14.0,13.0,13.0,18.0,16.0,14.0,14.0,16.0,18.0,14.0,16.0,14.0,14.0,14.0,14.0,14.0,14.0,14.0,14.0,19.0,14.0,14.0,16.0,14.0,14.0,18.0,16.0,14.0,18.0,16.0,18.0,18.0,20.0,18.0,19.0,22.0,36.0,34.0,28.0,39.0,35.0,42.0,23.0,24.0,25.0,16.0,20.0,77.0,41.0,56.0,32.0,105.0,46.0,44.0,118.0,238.0,49.0,212.0,150.0,129.0,251.0,146.0,212.0,329.0,362.0,325.0,468.0,187.0,303.0,207.0,449.0,281.0,554.0,600.0,561.0,658.0,880.0,1102.0,423.0,2551.0,126.0],"E":0.25,"initial_guess":[0.8153764022845229,1.0,0.001,1.0e-16,1.0e-16,1.0e-16,1.0e-16,1.0e-16,1.0e-16,1.0e-16,1.0e-16,1.0e-16,1.0e-16,1.0e-16,1.0e-16,1.0e-16,1.0e-16,1.0e-16,1.0e-16,1.0e-16,1.0e-16,1.0e-16,1.0e-16,1.0e-16,1.0e-16,1.0e-16,1.0e-16,1.0e-16],"errors":[1.9720990800279213e-15,4.618588781441309e-15,5.350167313296219e-15,8.050047232393718e-15,2.37929291681294e-14,1.7839619924042128e-14,8.954186206682164e-15,1.3989119018437604e-14,7.127576628273921e-15,5.237927660848565e-15,9.424332604564862e-15,8.515943240707537e-15,6.207183120331756e-15,1.2181731646162014e-14,7.746207033384251e-15,1.2461505715838956e-14,4.7089171803411955e-15,1.0302051206491192e-14,1.0979966439888088e-14,9.344082377532708e-15,1.2358861582870307e-14,8.820110738259422e-15,5.272639609594759e-15,1.0566366598635718e-14,8.412880662200554e-15,1.2476795977495842e-14,1.3291494144981207e-14,3.673087722545722e-15,1.1563243275914071e-14,7.624983965226054e-15,1.1858882200229243e-14,1.5489522557221414e-14,1.4931413653078793e-14,2.1236819669538364e-14,9.711384881796e-15,1.0393600699305517e-14,1.0354880612808648e-14,2.0239035170874802e-14,6.903058700150743e-15,1.4547852810492964e-14,2.1958542546676088e-14,1.1226794913596989e-14,1.679043496915959e-14,1.8452686997888016e-14,1.1418066183894772e-14,3.076340811603179e-14,1.6521170831488064e-14,1.8637228369361782e-14,1.507265303923865e-14,1.131266038600398e-14,1.006596899060041e-14,1.2867009830548659e-14,8.06037763663958e-15,7.5442672852127e-15,1.5603470483923047e-14,2.111735887951637e-14,1.1764014939862459e-14,2.137939533863797e-14,9.512276319586492e-15,1.1427529654642285e-14,1.0318171244653128e-14,1.3919818597260687e-14,1.2477852126408537e-14,3.234440254059482e-14,8.565650431952586e-15,1.1952404402321633e-14,6.225744558088439e-15,1.4361552466278193e-14,1.3541656390888093e-14,6.8171270264275465e-15,1.5199413893724592e-14,2.0835422662219785e-14,1.3387146466243073e-14,1.799037244718469e-14,1.1168413747103342e-14,1.447423415193433e-14,9.856315946874201e-15,1.8425389837081575e-14,2.1900181306903946e-14,1.120238064175142e-14,2.2274951714289815e-14,8.159598874001498e-15,6.330486212048961e-15,1.495454898639228e-14,2.2218332904219645e-14,8.573938807862942e-15,1.7073088768544805e-14,2.556385717193973e-14,2.0016581345655258e-14,1.1931673786379833e-14,1.1661041709978606e-14,1.485549598729508e-14,7.650217010839116e-15,8.850865708079578e-15,9.072623968209228e-15,1.194532172871101e-14,1.3851707140324966e-14,6.543372924189974e-15,1.0713039000037695e-14,1.7380867179472703e-14],"branchN":100,"a1Vals":[0.001,0.00429,0.00758,0.01087,0.01416,0.01745,0.02074,0.02403,0.02732,0.03061,0.0339,0.03719,0.04048,0.04377,0.04706,0.05035,0.05364,0.05693,0.06022,0.06351,0.0668,0.07009,0.07338,0.07667,0.07996,0.08325,0.08654,0.08983,0.09312,0.09641,0.0997,0.10299,0.10628,0.10957,0.11286,0.11615,0.11944,0.12273,0.12602,0.12931,0.1326,0.13589,0.13918,0.14247,0.14576,0.14905,0.15234,0.15563,0.15892,0.16221,0.1655,0.16879,0.17208,0.17537,0.17866,0.18195,0.18524,0.18853,0.19182,0.19511,0.1984,0.20169,0.20498,0.20827,0.21156,0.21485,0.21814,0.22143,0.22472,0.22801,0.2313,0.23459,0.23788,0.24117,0.24446,0.24775,0.25104,0.25433,0.25762,0.26091,0.2642,0.26749,0.27078,0.27407,0.27736,0.28065,0.28394,0.28723,0.29052,0.29381,0.2971,0.30039,0.30368,0.30697,0.31026,0.31355,0.31684,0.32013,0.32342,0.32671,0.33]}