{"b":0.1,"L":3.141592653589793,"B":1.5,"max_iter":40000,"N":24,"solver":"Broyden","tol":1.0e-8,"iterations":[2.0,9.0,9.0,8.0,9.0,10.0,10.0,15.0,22.0,35.0],"E":0.25,"initial_guess":[0.8153764022845229,1.0,0.001,1.0e-16,1.0e-16,1.0e-16,1.0e-16,1.0e-16,1.0e-16,1.0e-16,1.0e-16,1.0e-16,1.0e-16,1.0e-16,1.0e-16,1.0e-16,1.0e-16,1.0e-16,1.0e-16,1.0e-16,1.0e-16,1.0e-16,1.0e-16,1.0e-16,1.0e-16,1.0e-16],"errors":[3.155066393958499e-11,3.049619448850745e-7,2.55372192186764e-7,4.7564824775853796e-7,1.605042369282467e-7,4.4222472245593896e-8,2.6828142876593328e-8,4.5805918831527525e-9,3.764793243451422e-9,4.004346555582504e-9],"branchN":10,"flags":[0.0,0.0,0.0,0.0,0.0,0.0,0.0,0.0,0.0,0.0],"a1Vals":[0.001,0.0339,0.0668,0.0997,0.1326,0.1655,0.1984,0.2313,0.2642,0.2971,0.33]}