{"b":0.1,"L":3.141592653589793,"B":1.5,"max_iter":50000,"N":36,"solver":"Broyden","tol":1.0e-8,"iterations":[2.0,6.0,5.0,5.0,5.0,5.0,5.0,5.0,5.0,5.0,5.0,5.0,5.0,5.0,5.0,5.0,5.0,5.0,5.0,5.0,5.0,5.0,5.0,5.0,5.0,5.0,5.0,5.0,5.0,5.0,5.0,5.0,5.0,5.0,5.0,5.0,5.0,5.0,5.0,5.0,5.0,5.0,5.0,5.0,5.0,5.0,5.0,5.0,5.0,5.0,5.0,5.0,5.0,5.0,5.0,5.0,5.0,5.0,5.0,5.0,5.0,5.0,5.0,5.0,5.0,5.0,5.0,5.0,5.0,5.0,5.0,5.0,5.0,5.0,5.0,5.0,5.0,5.0,5.0,5.0,5.0,6.0,6.0,6.0,6.0,6.0,6.0,6.0,6.0,6.0,7.0,7.0,6.0,6.0,7.0,7.0,10.0,9.0,9.0,12.0],"E":0.25,"initial_guess":[0.8153764022845229,1.0,0.001,1.0e-16,1.0e-16,1.0e-16,1.0e-16,1.0e-16,1.0e-16,1.0e-16,1.0e-16,1.0e-16,1.0e-16,1.0e-16,1.0e-16,1.0e-16,1.0e-16,1.0e-16,1.0e-16,1.0e-16,1.0e-16,1.0e-16,1.0e-16,1.0e-16,1.0e-16,1.0e-16,1.0e-16,1.0e-16,1.0e-16,1.0e-16,1.0e-16,1.0e-16,1.0e-16,1.0e-16,1.0e-16,1.0e-16,1.0e-16,1.0e-16],"errors":[3.155845584887804e-11,4.3040992511205593e-10,1.0387229145379007e-8,7.244008588377668e-9,5.622130032237867e-9,4.624150806189352e-9,3.946414518467798e-9,3.456065848433446e-9,3.085133702678772e-9,2.795032165718804e-9,2.5622794439576754e-9,2.3715929137802303e-9,2.212743768453863e-9,2.078545673186446e-9,1.9638429443216225e-9,1.864810393628941e-9,1.7785583425153511e-9,1.7028634633984556e-9,1.6360621136273573e-9,1.5766966107664252e-9,1.523845316075963e-9,1.4763535827770536e-9,1.4336436518685718e-9,1.395077020709981e-9,1.3601619270285655e-9,1.328498931601821e-9,1.2997005767936873e-9,1.2734716185847808e-9,1.2495861850772894e-9,1.2277971553272557e-9,1.2079210951669922e-9,1.1898109472551084e-9,1.1732878284134048e-9,1.1583035360535278e-9,1.1446894929698606e-9,1.132387771112157e-9,1.1213493376645205e-9,1.1115000402577827e-9,1.102753264040181e-9,1.0951068648768778e-9,1.0885715785385347e-9,1.0829520440732839e-9,1.0785893067664663e-9,1.0750811059392483e-9,1.0727721650180371e-9,1.071279547668407e-9,1.0713667364699819e-9,1.0718688221345839e-9,1.0742874358335084e-9,1.0775513676095845e-9,1.0823532725599379e-9,1.0878114935413242e-9,1.0953443828689446e-9,1.1042890437467907e-9,1.1148823394447294e-9,1.1267433679355728e-9,1.141823009972356e-9,1.1570633121989379e-9,1.1774443529855622e-9,1.1971349252970917e-9,1.2150687206527856e-9,1.2515349779986576e-9,1.2806713524878955e-9,1.3205602737070531e-9,1.362516245608199e-9,1.3878984116117698e-9,1.4456578424761377e-9,1.4920825651526467e-9,1.5500901087687647e-9,1.6386252002106733e-9,1.7107877301777622e-9,1.7604303240328379e-9,1.8607248901736422e-9,2.025818058096305e-9,2.152555051043358e-9,2.089228960403241e-9,2.4170202235564735e-9,2.7100658565572975e-9,2.8546131903922183e-9,2.9451189278143922e-9,3.391063053493872e-9,7.381862871681988e-10,5.511774014997698e-10,5.241081797118171e-10,6.864488591555644e-10,1.2012056530689893e-9,1.0973510155597732e-9,2.7776216360746024e-9,1.7007036010883832e-9,9.748341304795942e-10,5.343035857859356e-10,2.56466789966606e-10,5.304029140023292e-9,6.448015600507154e-9,2.9686548639920214e-10,1.995507771581651e-9,6.8435206260014e-10,3.028862990618365e-10,3.924901116410696e-10,1.693197398027146e-9],"branchN":100,"a1Vals":[0.001,0.00429,0.00758,0.01087,0.01416,0.01745,0.02074,0.02403,0.02732,0.03061,0.0339,0.03719,0.04048,0.04377,0.04706,0.05035,0.05364,0.05693,0.06022,0.06351,0.0668,0.07009,0.07338,0.07667,0.07996,0.08325,0.08654,0.08983,0.09312,0.09641,0.0997,0.10299,0.10628,0.10957,0.11286,0.11615,0.11944,0.12273,0.12602,0.12931,0.1326,0.13589,0.13918,0.14247,0.14576,0.14905,0.15234,0.15563,0.15892,0.16221,0.1655,0.16879,0.17208,0.17537,0.17866,0.18195,0.18524,0.18853,0.19182,0.19511,0.1984,0.20169,0.20498,0.20827,0.21156,0.21485,0.21814,0.22143,0.22472,0.22801,0.2313,0.23459,0.23788,0.24117,0.24446,0.24775,0.25104,0.25433,0.25762,0.26091,0.2642,0.26749,0.27078,0.27407,0.27736,0.28065,0.28394,0.28723,0.29052,0.29381,0.2971,0.30039,0.30368,0.30697,0.31026,0.31355,0.31684,0.32013,0.32342,0.32671,0.33]}