{"b":0.1,"L":3.141592653589793,"B":1.5,"max_iter":40000,"N":36,"solver":"Broyden","tol":1.0e-8,"iterations":[2.0,9.0,9.0,8.0,9.0,10.0,10.0,67.0,92.0,133.0],"E":0.25,"initial_guess":[0.8153764022845229,1.0,0.001,1.0e-16,1.0e-16,1.0e-16,1.0e-16,1.0e-16,1.0e-16,1.0e-16,1.0e-16,1.0e-16,1.0e-16,1.0e-16,1.0e-16,1.0e-16,1.0e-16,1.0e-16,1.0e-16,1.0e-16,1.0e-16,1.0e-16,1.0e-16,1.0e-16,1.0e-16,1.0e-16,1.0e-16,1.0e-16,1.0e-16,1.0e-16,1.0e-16,1.0e-16,1.0e-16,1.0e-16,1.0e-16,1.0e-16,1.0e-16,1.0e-16],"errors":[3.155845584887804e-11,3.0524486753369415e-7,2.555596704930966e-7,4.758642589660266e-7,1.605286619271366e-7,4.416284726618541e-8,2.6825798298747154e-8,3.094375632926261e-9,3.327365045160813e-9,2.676642034860911e-9],"branchN":10,"a1Vals":[0.001,0.0339,0.0668,0.0997,0.1326,0.1655,0.1984,0.2313,0.2642,0.2971,0.33]}