{"b":0.1,"L":3.141592653589793,"B":1.5,"max_iter":50000,"N":16,"solver":"Broyden","tol":1.0e-15,"iterations":[9.0,24.0,12.0,22.0,11.0,13.0,11.0,22.0,17.0,11.0,18.0,23.0,13.0,17.0,13.0,12.0,13.0,13.0,12.0,12.0,15.0,14.0,16.0,14.0,14.0,17.0,14.0,27.0,14.0,17.0,14.0,14.0,14.0,16.0,14.0,14.0,14.0,14.0,15.0,14.0,16.0,14.0,16.0,14.0,16.0,16.0,18.0,18.0,23.0,18.0,22.0,16.0,20.0,16.0,14.0,16.0,20.0,16.0,18.0,18.0,16.0,18.0,16.0,18.0,14.0,15.0,17.0,15.0,17.0,22.0,40.0,18.0,20.0,23.0,19.0,20.0,29.0,15.0,29.0,23.0,28.0,34.0,62.0,52.0,68.0,23.0,78.0,60.0,65.0,63.0,95.0,23.0,133.0,63.0,94.0,68.0,59.0,109.0,29.0,38.0],"E":0.25,"initial_guess":[0.8153764022845229,1.0,0.001,1.0e-16,1.0e-16,1.0e-16,1.0e-16,1.0e-16,1.0e-16,1.0e-16,1.0e-16,1.0e-16,1.0e-16,1.0e-16,1.0e-16,1.0e-16,1.0e-16,1.0e-16],"errors":[5.238272070985117e-15,8.779095484451127e-15,4.537742924118542e-15,3.431057198275088e-15,1.1908921515142636e-14,3.5227463198080707e-15,4.801826133957559e-15,3.47597897572363e-15,2.76394531736907e-15,5.712257655852759e-15,4.55374924166485e-15,3.999921764673067e-15,5.2370873659490886e-15,4.712240860128992e-15,4.254641233888424e-15,4.236007186510925e-15,3.808836544795141e-15,6.387400715849684e-15,6.775981783693685e-15,7.0582553625037196e-15,6.14213553632527e-15,5.238194228806515e-15,5.492770352507021e-15,9.016107239337151e-15,8.683043255844751e-15,2.0002324554250143e-15,1.3328686389167911e-14,4.3837558010684285e-15,1.5500306214319598e-14,3.693210798994771e-15,1.2448160694800957e-14,1.1702927901622597e-14,8.670115523947025e-15,9.574364363050196e-15,1.4925908347929085e-14,7.259781114567723e-15,1.2791274980809492e-14,8.269082971779172e-15,3.3559304503269525e-15,1.5908451273781643e-14,7.809829004912658e-15,9.543188911995184e-15,9.417433703488266e-15,7.444448899966104e-15,3.6002120711810185e-15,9.318638464238159e-15,1.3543846446067666e-14,5.440344945413723e-15,1.9574598974174505e-15,6.0690095523819636e-15,8.243569265317187e-15,5.729603958348635e-15,8.490603436389335e-15,1.2026837087784339e-14,1.2210618375446352e-14,1.0163010484156355e-14,7.77362604096168e-15,1.7250048376643062e-14,6.8580667339333185e-15,5.777345021783261e-15,1.3546670368102529e-14,8.622582999348163e-15,1.8849824734925078e-14,6.830148149834145e-15,6.576050113192741e-15,9.770396569625515e-15,3.783764575078173e-15,9.468945548254518e-15,1.3937029066826627e-14,7.711945318520515e-15,7.695252115816394e-15,9.547898944715178e-15,9.613442126073219e-15,8.394609794774399e-15,4.886827659635402e-15,5.397556192429271e-15,4.029334770374801e-15,6.3754523133685144e-15,7.392948227788602e-15,1.1650863941763246e-14,6.512798219709798e-15,2.8541835603011476e-15,7.693349773174777e-15,5.7839978722711926e-15,1.010544969142093e-14,6.019207114062657e-15,1.0152949401335595e-14,7.13452445320875e-15,5.286275111298252e-15,4.142345166085456e-15,5.685160642710924e-15,4.704336924805135e-15,4.255609033497229e-15,4.70771215318269e-15,5.606982062701447e-15,5.5599122486856075e-15,1.1827811756656328e-14,8.542846642924504e-15,3.752239563965563e-15,8.059009715691522e-15],"branchN":100,"a1Vals":[0.001,0.00429,0.00758,0.01087,0.01416,0.01745,0.02074,0.02403,0.02732,0.03061,0.0339,0.03719,0.04048,0.04377,0.04706,0.05035,0.05364,0.05693,0.06022,0.06351,0.0668,0.07009,0.07338,0.07667,0.07996,0.08325,0.08654,0.08983,0.09312,0.09641,0.0997,0.10299,0.10628,0.10957,0.11286,0.11615,0.11944,0.12273,0.12602,0.12931,0.1326,0.13589,0.13918,0.14247,0.14576,0.14905,0.15234,0.15563,0.15892,0.16221,0.1655,0.16879,0.17208,0.17537,0.17866,0.18195,0.18524,0.18853,0.19182,0.19511,0.1984,0.20169,0.20498,0.20827,0.21156,0.21485,0.21814,0.22143,0.22472,0.22801,0.2313,0.23459,0.23788,0.24117,0.24446,0.24775,0.25104,0.25433,0.25762,0.26091,0.2642,0.26749,0.27078,0.27407,0.27736,0.28065,0.28394,0.28723,0.29052,0.29381,0.2971,0.30039,0.30368,0.30697,0.31026,0.31355,0.31684,0.32013,0.32342,0.32671,0.33]}