{"b":0.1,"L":3.141592653589793,"B":1.5,"max_iter":40000,"N":16,"solver":"Broyden","tol":1.0e-15,"iterations":[9.0,24.0,12.0,22.0,11.0,13.0,11.0,22.0,17.0,11.0,19.0,16.0,13.0,14.0,10.0,15.0,22.0,12.0,12.0,12.0,13.0,14.0,16.0,15.0,14.0,14.0,15.0,20.0,16.0,18.0,14.0,14.0,17.0,16.0,16.0,14.0,14.0,16.0,14.0,16.0,18.0,16.0,22.0,18.0,14.0,14.0,14.0,16.0,16.0,21.0,14.0,14.0,16.0,18.0,14.0,18.0,16.0,18.0,18.0,22.0,18.0,16.0,18.0,18.0,14.0,15.0,17.0,16.0,15.0,20.0,20.0,19.0,29.0,22.0,19.0,21.0,19.0,40.0,21.0,33.0,42.0,44.0,72.0,46.0,41.0,47.0,32.0,26.0,70.0,30.0,40.0,106.0,89.0,71.0,85.0,192.0,49.0,285.0,159.0,55.0],"E":0.25,"initial_guess":[0.8153764022845229,1.0,0.001,1.0e-16,1.0e-16,1.0e-16,1.0e-16,1.0e-16,1.0e-16,1.0e-16,1.0e-16,1.0e-16,1.0e-16,1.0e-16,1.0e-16,1.0e-16,1.0e-16,1.0e-16],"errors":[5.238272070985117e-15,8.779095484451127e-15,4.537742924118542e-15,3.431057198275088e-15,1.1908921515142636e-14,3.5227463198080707e-15,4.801826133957559e-15,3.47597897572363e-15,2.76394531736907e-15,5.712257655852759e-15,5.6292779130596745e-15,5.779315548469754e-15,4.212801587522676e-15,5.71958191926479e-15,1.1472410326163035e-14,6.393915881586768e-15,3.4674757461033632e-15,9.03164815223151e-15,8.427814402783097e-15,1.0033640585049852e-14,9.677807722830206e-15,4.9411088327049825e-15,9.017759560921221e-15,3.2942421646120193e-15,7.087111014414516e-15,1.0354695352546057e-14,3.642713192050643e-15,6.322500463397057e-15,5.761799090492473e-15,3.2449010003404362e-15,7.373487385051186e-15,9.195571529213768e-15,7.089283097764838e-15,8.182037928257414e-15,4.093313210764968e-15,1.0917154363613633e-14,9.004428856000226e-15,5.167615198079939e-15,8.211726274622615e-15,9.581369228605523e-15,4.578318117810747e-15,8.167578459203434e-15,1.2595859576088497e-14,9.327006405933924e-15,1.2437251282628653e-14,7.354535048117656e-15,1.1249244877911145e-14,1.1190760458522143e-14,7.0428700096815794e-15,4.1428036921145964e-15,1.160659732124414e-14,1.0484393627643039e-14,1.0432362226890759e-14,1.7051145008718408e-14,1.8260239578084684e-14,6.068944323964194e-15,1.040129076780464e-14,6.747105432692363e-15,6.417632226011826e-15,4.9739399890726906e-15,6.1177130559763195e-15,5.986521770077022e-15,6.453747932571048e-15,8.472710057431435e-15,7.147089273584582e-15,7.618974906175441e-15,8.326685231001823e-15,9.840626579010795e-15,8.411113180004814e-15,4.165204013386636e-15,7.410791538726598e-15,1.141408602524072e-14,8.17749147041694e-15,1.3948565204340405e-14,5.335390933663563e-15,5.485051764342802e-15,1.2378462930152147e-14,6.162421037368631e-15,5.071286200155255e-15,7.810541459179734e-15,5.520053362400931e-15,4.112219701888825e-15,6.516802000375488e-15,5.432157606971979e-15,1.2120076689406811e-14,8.518333535045103e-15,3.48894822767421e-15,1.2199231096037803e-14,4.914418230946977e-15,6.259012343753076e-15,4.947135324323031e-15,9.32779056984066e-15,6.365439119219062e-15,8.172205897408438e-15,5.413795069844944e-15,7.113329376186205e-15,4.4416146458817745e-15,1.1102580688054647e-14,6.9548458179475415e-15,1.1929440811802359e-14],"branchN":100,"flags":[0.0,0.0,0.0,0.0,0.0,0.0,0.0,0.0,0.0,0.0,0.0,0.0,0.0,0.0,0.0,0.0,0.0,0.0,0.0,0.0,0.0,0.0,0.0,0.0,0.0,0.0,0.0,0.0,0.0,0.0,0.0,0.0,0.0,0.0,0.0,0.0,0.0,0.0,0.0,0.0,0.0,0.0,0.0,0.0,0.0,0.0,0.0,0.0,0.0,0.0,0.0,0.0,0.0,0.0,0.0,0.0,0.0,0.0,0.0,0.0,0.0,0.0,0.0,0.0,0.0,0.0,0.0,0.0,0.0,0.0,0.0,0.0,0.0,0.0,0.0,0.0,0.0,0.0,0.0,0.0,0.0,0.0,0.0,0.0,0.0,0.0,0.0,0.0,0.0,0.0,0.0,0.0,0.0,0.0,0.0,0.0,0.0,0.0,0.0,0.0],"a1Vals":[0.001,0.00429,0.00758,0.01087,0.01416,0.01745,0.02074,0.02403,0.02732,0.03061,0.0339,0.03719,0.04048,0.04377,0.04706,0.05035,0.05364,0.05693,0.06022,0.06351,0.0668,0.07009,0.07338,0.07667,0.07996,0.08325,0.08654,0.08983,0.09312,0.09641,0.0997,0.10299,0.10628,0.10957,0.11286,0.11615,0.11944,0.12273,0.12602,0.12931,0.1326,0.13589,0.13918,0.14247,0.14576,0.14905,0.15234,0.15563,0.15892,0.16221,0.1655,0.16879,0.17208,0.17537,0.17866,0.18195,0.18524,0.18853,0.19182,0.19511,0.1984,0.20169,0.20498,0.20827,0.21156,0.21485,0.21814,0.22143,0.22472,0.22801,0.2313,0.23459,0.23788,0.24117,0.24446,0.24775,0.25104,0.25433,0.25762,0.26091,0.2642,0.26749,0.27078,0.27407,0.27736,0.28065,0.28394,0.28723,0.29052,0.29381,0.2971,0.30039,0.30368,0.30697,0.31026,0.31355,0.31684,0.32013,0.32342,0.32671,0.33]}