{"b":0.1,"L":3.141592653589793,"B":1.5,"max_iter":40000,"N":14,"solver":"Broyden","tol":1.0e-8,"iterations":[2.0,9.0,9.0,8.0,9.0,10.0,10.0,15.0,24.0,18.0],"E":0.25,"initial_guess":[0.8153764022845229,1.0,0.001,1.0e-16,1.0e-16,1.0e-16,1.0e-16,1.0e-16,1.0e-16,1.0e-16,1.0e-16,1.0e-16,1.0e-16,1.0e-16,1.0e-16,1.0e-16],"errors":[3.151391267095078e-11,3.0400702472497035e-7,2.5473732377986895e-7,4.749069280582872e-7,1.6041466891114713e-7,4.442085128429654e-8,2.6766108527103413e-8,5.7778702329280515e-9,4.3040862372615245e-10,3.7847488504201357e-10],"branchN":10,"flags":[0.0,0.0,0.0,0.0,0.0,0.0,0.0,0.0,0.0,0.0],"a1Vals":[0.001,0.0339,0.0668,0.0997,0.1326,0.1655,0.1984,0.2313,0.2642,0.2971,0.33]}