{"b":0.1,"L":3.141592653589793,"B":1.5,"max_iter":40000,"N":8,"solver":"Broyden","tol":1.0e-8,"iterations":[2.0,9.0,9.0,8.0,10.0,10.0,10.0,10.0,9.0,16.0],"E":0.25,"initial_guess":[0.8153764022845229,1.0,0.001,1.0e-16,1.0e-16,1.0e-16,1.0e-16,1.0e-16,1.0e-16,1.0e-16],"errors":[3.125211547512028e-11,3.003285234227591e-7,2.5211942362899643e-7,4.794359918236274e-7,3.0655659339739986e-8,4.489969497935378e-8,1.9077748213132207e-8,1.464381380261572e-8,9.770160445948357e-8,3.406006646792518e-8],"branchN":10,"flags":[0.0,0.0,0.0,0.0,0.0,0.0,0.0,0.0,0.0,0.0],"a1Vals":[0.001,0.0339,0.0668,0.0997,0.1326,0.1655,0.1984,0.2313,0.2642,0.2971,0.33]}