{"b":0.1,"L":3.141592653589793,"B":1.5,"max_iter":20000,"N":8,"solver":"Broyden","tol":1.0e-8,"iterations":[2.0,9.0,9.0,8.0,10.0,10.0,10.0,10.0,13.0,16.0],"E":0.25,"initial_guess":[0.8153764022845229,1.0,0.001,1.0e-16,1.0e-16,1.0e-16,1.0e-16,1.0e-16,1.0e-16,1.0e-16],"errors":[3.125211547512028e-11,3.003235083318518e-7,2.5210033563026783e-7,4.794386964465833e-7,2.79981603119241e-8,4.4900302079641084e-8,1.609208691568284e-8,1.4643745105193424e-8,4.586520512091418e-10,3.4059495601513377e-8],"branchN":10,"a1Vals":[0.001,0.0339,0.0668,0.0997,0.1326,0.1655,0.1984,0.2313,0.2642,0.2971,0.33]}