{"b":0.1,"L":3.141592653589793,"B":1.5,"max_iter":20000,"N":14,"solver":"Broyden","tol":1.0e-8,"iterations":[2.0,6.0,5.0,5.0,5.0,5.0,5.0,5.0,5.0,5.0,5.0,5.0,5.0,5.0,5.0,5.0,5.0,5.0,5.0,5.0,5.0,5.0,5.0,5.0,5.0,5.0,5.0,5.0,5.0,5.0,5.0,5.0,5.0,5.0,5.0,5.0,5.0,5.0,5.0,5.0,5.0,5.0,5.0,5.0,5.0,5.0,5.0,5.0,5.0,5.0,5.0,5.0,5.0,5.0,5.0,5.0,5.0,5.0,5.0,5.0,5.0,5.0,5.0,5.0,5.0,5.0,5.0,5.0,5.0,5.0,5.0,5.0,5.0,5.0,5.0,5.0,5.0,5.0,5.0,5.0,5.0,5.0,5.0,5.0,5.0,5.0,5.0,6.0,5.0,6.0,6.0,5.0,6.0,7.0,7.0,8.0,7.0,11.0,7.0,27.0],"E":0.25,"initial_guess":[0.8153764022845229,1.0,0.001,1.0e-16,1.0e-16,1.0e-16,1.0e-16,1.0e-16,1.0e-16,1.0e-16,1.0e-16,1.0e-16,1.0e-16,1.0e-16,1.0e-16,1.0e-16],"errors":[3.151391267095078e-11,4.2991062730402615e-10,1.0382900246575394e-8,7.24134141798704e-9,5.619908256721595e-9,4.622104761640076e-9,3.944466180309813e-9,3.4542486097692674e-9,3.0834870260074584e-9,2.7934700458623386e-9,2.5607816026005525e-9,2.370195526044015e-9,2.211383891199863e-9,2.0772481498932055e-9,1.9625982720140568e-9,1.8636192714193283e-9,1.7774114538791003e-9,1.7018145898797398e-9,1.6350463764459602e-9,1.5757565480541261e-9,1.5229211413216852e-9,1.4754938308599239e-9,1.4328174306977816e-9,1.394323029769805e-9,1.3594485188968555e-9,1.3278261260035212e-9,1.2990731213103904e-9,1.2729032289208105e-9,1.2490533107820726e-9,1.2273114258507973e-9,1.2074842081787609e-9,1.1893909492534071e-9,1.1729477082623563e-9,1.157988661487288e-9,1.1444286316459722e-9,1.1322041497333428e-9,1.1211815864854534e-9,1.1113564686192523e-9,1.1026838893755348e-9,1.0951115953740196e-9,1.0885703170669121e-9,1.083149168537567e-9,1.0786914350907334e-9,1.0753498756876743e-9,1.0729520872347949e-9,1.0718140060013013e-9,1.071475248440376e-9,1.0726389405983665e-9,1.0745010023680596e-9,1.0782558054977665e-9,1.0824414710977966e-9,1.089125376904629e-9,1.0958114345373807e-9,1.106077271189299e-9,1.1154714899970626e-9,1.1300364511067597e-9,1.1424140218720017e-9,1.1625069078969324e-9,1.1779419110594424e-9,1.2050749450242228e-9,1.2237539199964104e-9,1.260190655682445e-9,1.2819218352785542e-9,1.3308649323455398e-9,1.3554894523565508e-9,1.4215596793867056e-9,1.4477124548855354e-9,1.538768278724163e-9,1.5635509280507948e-9,1.6931976329852288e-9,1.7089472887127148e-9,1.904446814282952e-9,1.892579716702527e-9,2.2154475129707502e-9,2.125862047734668e-9,2.726986896333531e-9,2.425835074048869e-9,3.691830357621286e-9,2.8165229054000375e-9,5.745533605334826e-9,3.3364903964753975e-9,1.050081298585171e-8,4.046543439948293e-9,2.2273061218303915e-8,5.049816513825224e-9,5.332795687863448e-8,6.54137535917766e-9,7.0976373419937225e-9,8.907845803513397e-9,8.801374073928613e-9,1.8614211348226607e-9,5.704049310037571e-7,6.071359652879378e-9,1.8374581719000863e-9,9.206605235299909e-11,3.906672916778122e-8,2.743142574651376e-10,6.869064950727331e-8,2.3431151789538172e-9,1.925449473333859e-8],"branchN":100,"flags":[0.0,0.0,0.0,0.0,0.0,0.0,0.0,0.0,0.0,0.0,0.0,0.0,0.0,0.0,0.0,0.0,0.0,0.0,0.0,0.0,0.0,0.0,0.0,0.0,0.0,0.0,0.0,0.0,0.0,0.0,0.0,0.0,0.0,0.0,0.0,0.0,0.0,0.0,0.0,0.0,0.0,0.0,0.0,0.0,0.0,0.0,0.0,0.0,0.0,0.0,0.0,0.0,0.0,0.0,0.0,0.0,0.0,0.0,0.0,0.0,0.0,0.0,0.0,0.0,0.0,0.0,0.0,0.0,0.0,0.0,0.0,0.0,0.0,0.0,0.0,0.0,0.0,0.0,0.0,0.0,0.0,0.0,0.0,0.0,0.0,0.0,0.0,0.0,0.0,0.0,0.0,0.0,0.0,0.0,0.0,0.0,0.0,0.0,0.0,0.0],"a1Vals":[0.001,0.00429,0.00758,0.01087,0.01416,0.01745,0.02074,0.02403,0.02732,0.03061,0.0339,0.03719,0.04048,0.04377,0.04706,0.05035,0.05364,0.05693,0.06022,0.06351,0.0668,0.07009,0.07338,0.07667,0.07996,0.08325,0.08654,0.08983,0.09312,0.09641,0.0997,0.10299,0.10628,0.10957,0.11286,0.11615,0.11944,0.12273,0.12602,0.12931,0.1326,0.13589,0.13918,0.14247,0.14576,0.14905,0.15234,0.15563,0.15892,0.16221,0.1655,0.16879,0.17208,0.17537,0.17866,0.18195,0.18524,0.18853,0.19182,0.19511,0.1984,0.20169,0.20498,0.20827,0.21156,0.21485,0.21814,0.22143,0.22472,0.22801,0.2313,0.23459,0.23788,0.24117,0.24446,0.24775,0.25104,0.25433,0.25762,0.26091,0.2642,0.26749,0.27078,0.27407,0.27736,0.28065,0.28394,0.28723,0.29052,0.29381,0.2971,0.30039,0.30368,0.30697,0.31026,0.31355,0.31684,0.32013,0.32342,0.32671,0.33]}