{"b":0.1,"L":3.141592653589793,"B":1.5,"max_iter":40000,"N":18,"solver":"Broyden","tol":1.0e-8,"iterations":[2.0,9.0,9.0,8.0,9.0,10.0,10.0,15.0,26.0,62.0],"E":0.25,"initial_guess":[0.8153764022845229,1.0,0.001,1.0e-16,1.0e-16,1.0e-16,1.0e-16,1.0e-16,1.0e-16,1.0e-16,1.0e-16,1.0e-16,1.0e-16,1.0e-16,1.0e-16,1.0e-16,1.0e-16,1.0e-16,1.0e-16,1.0e-16],"errors":[3.150303124807675e-11,3.0457228168311195e-7,2.5511472666940617e-7,4.7534316127014956e-7,1.60463338549236e-7,4.430179931704603e-8,2.682850879973046e-8,4.611443377768302e-9,2.0001756031263894e-9,3.740486398546965e-9],"branchN":10,"flags":[0.0,0.0,0.0,0.0,0.0,0.0,0.0,0.0,0.0,0.0],"a1Vals":[0.001,0.0339,0.0668,0.0997,0.1326,0.1655,0.1984,0.2313,0.2642,0.2971,0.33]}