{"b":0.1,"L":3.141592653589793,"B":1.5,"max_iter":50000,"N":30,"solver":"Broyden","tol":1.0e-15,"iterations":[9.0,35.0,16.0,24.0,17.0,12.0,14.0,19.0,14.0,11.0,12.0,18.0,12.0,12.0,12.0,12.0,10.0,12.0,12.0,13.0,14.0,15.0,15.0,16.0,14.0,14.0,14.0,16.0,14.0,14.0,14.0,14.0,16.0,18.0,14.0,16.0,14.0,17.0,16.0,18.0,21.0,14.0,20.0,16.0,18.0,21.0,17.0,14.0,33.0,22.0,26.0,26.0,79.0,34.0,32.0,30.0,37.0,87.0,30.0,60.0,66.0,84.0,95.0,97.0,34.0,115.0,156.0,165.0,251.0,135.0,216.0,408.0,184.0,492.0,214.0,395.0,1170.0,774.0,459.0,197.0,535.0,406.0,702.0,203.0,990.0,1819.0,849.0,920.0,967.0,1481.0,1171.0,798.0,874.0,2167.0,5251.0,1439.0,4422.0,3666.0,733.0,1418.0],"E":0.25,"initial_guess":[0.8153764022845229,1.0,0.001,1.0e-16,1.0e-16,1.0e-16,1.0e-16,1.0e-16,1.0e-16,1.0e-16,1.0e-16,1.0e-16,1.0e-16,1.0e-16,1.0e-16,1.0e-16,1.0e-16,1.0e-16,1.0e-16,1.0e-16,1.0e-16,1.0e-16,1.0e-16,1.0e-16,1.0e-16,1.0e-16,1.0e-16,1.0e-16,1.0e-16,1.0e-16,1.0e-16,1.0e-16],"errors":[2.8639901076379467e-15,6.99816438712819e-15,1.0244318094908096e-14,5.141469005620375e-15,6.780172864043223e-15,1.0626402323915068e-14,8.139511843420381e-15,9.49341080402833e-15,7.297930532827213e-15,5.977479786469438e-15,1.574464931665899e-14,6.0201606299992706e-15,9.743064094548719e-15,1.0309914809020667e-14,7.469478019720642e-15,1.3209313853712798e-14,2.1613287045703947e-14,8.878030942142587e-15,9.798382917865543e-15,8.499270517400092e-15,7.295291298544995e-15,1.07570403115348e-14,7.328197140850491e-15,8.852275703696276e-15,1.1959759893512134e-14,1.7259905652040865e-14,1.484771486913947e-14,8.617233386904016e-15,2.7949090571541256e-14,1.7112390361653015e-14,2.8675555830034695e-14,2.5326021297313456e-14,1.0755101319265812e-14,8.623406466763456e-15,2.513064201310519e-14,1.4571906226702716e-14,1.5961816094545567e-14,5.307392478421557e-15,1.752266242684716e-14,2.6536371798202744e-14,6.440253812224794e-15,2.5714521945404336e-14,1.2981313363851128e-14,1.271758887377753e-14,1.738530217731226e-14,1.3042958173178188e-14,1.6505404540853883e-14,1.7211900634192035e-14,1.964988151586227e-14,1.59140879083739e-14,1.0451366960988295e-14,2.2815291365679363e-14,1.3356020942775941e-14,1.7785607011892553e-14,8.896542514054623e-15,1.0286286888088307e-14,1.0561254697807525e-14,7.153680647737577e-15,7.759744279775104e-15,7.720637124511502e-15,9.497730426100325e-15,1.4609771347002227e-14,7.489594742955267e-15,1.9136097824081478e-14,6.2078311889852664e-15,1.0815847971113388e-14,1.2361566752058253e-14,1.7439964915734007e-14,1.6023561225927533e-14,7.162688238775134e-15,1.795953710898911e-14,1.2084894879106585e-14,1.237429773373922e-14,1.1969939786076027e-14,1.975386531017009e-14,1.5375133884044444e-14,1.5681322147650895e-14,2.6167570142262926e-14,1.0180243172339283e-14,1.1162793321925253e-14,1.4769912137916347e-14,1.3818519446562822e-14,1.0329337918014547e-14,1.8608647108277864e-14,1.0610772460455704e-14,8.322485911753884e-15,3.130107377814434e-14,1.5207444961800394e-14,9.918193459928882e-15,2.4322902884510557e-14,7.637079757267659e-15,1.063906293750908e-14,1.2806124994327662e-14,1.0693596512200844e-14,1.9439384223561916e-14,1.8291694486604515e-14,1.7518245836135652e-14,1.8407378697989417e-14,2.3592576559457826e-14,1.1739414315077605e-14],"branchN":100,"a1Vals":[0.001,0.00429,0.00758,0.01087,0.01416,0.01745,0.02074,0.02403,0.02732,0.03061,0.0339,0.03719,0.04048,0.04377,0.04706,0.05035,0.05364,0.05693,0.06022,0.06351,0.0668,0.07009,0.07338,0.07667,0.07996,0.08325,0.08654,0.08983,0.09312,0.09641,0.0997,0.10299,0.10628,0.10957,0.11286,0.11615,0.11944,0.12273,0.12602,0.12931,0.1326,0.13589,0.13918,0.14247,0.14576,0.14905,0.15234,0.15563,0.15892,0.16221,0.1655,0.16879,0.17208,0.17537,0.17866,0.18195,0.18524,0.18853,0.19182,0.19511,0.1984,0.20169,0.20498,0.20827,0.21156,0.21485,0.21814,0.22143,0.22472,0.22801,0.2313,0.23459,0.23788,0.24117,0.24446,0.24775,0.25104,0.25433,0.25762,0.26091,0.2642,0.26749,0.27078,0.27407,0.27736,0.28065,0.28394,0.28723,0.29052,0.29381,0.2971,0.30039,0.30368,0.30697,0.31026,0.31355,0.31684,0.32013,0.32342,0.32671,0.33]}