{"b":0.1,"L":3.141592653589793,"B":1.5,"max_iter":40000,"N":30,"solver":"Broyden","tol":1.0e-15,"iterations":[9.0,35.0,16.0,24.0,17.0,12.0,14.0,19.0,14.0,11.0,18.0,35.0,14.0,12.0,12.0,13.0,12.0,10.0,12.0,15.0,17.0,13.0,15.0,14.0,14.0,14.0,16.0,16.0,14.0,14.0,14.0,14.0,14.0,16.0,14.0,16.0,14.0,19.0,14.0,16.0,21.0,14.0,20.0,19.0,14.0,19.0,23.0,17.0,21.0,26.0,24.0,44.0,23.0,25.0,29.0,23.0,33.0,40.0,35.0,68.0,57.0,48.0,127.0,42.0,79.0,151.0,149.0,182.0,41.0,159.0,307.0,292.0,245.0,112.0,152.0,897.0,361.0,317.0,634.0,245.0,220.0,336.0,541.0,803.0,1676.0,851.0,1557.0,1728.0,954.0,1494.0,1075.0,754.0,2031.0,668.0,2340.0,1626.0,961.0,1690.0,519.0,1514.0],"E":0.25,"initial_guess":[0.8153764022845229,1.0,0.001,1.0e-16,1.0e-16,1.0e-16,1.0e-16,1.0e-16,1.0e-16,1.0e-16,1.0e-16,1.0e-16,1.0e-16,1.0e-16,1.0e-16,1.0e-16,1.0e-16,1.0e-16,1.0e-16,1.0e-16,1.0e-16,1.0e-16,1.0e-16,1.0e-16,1.0e-16,1.0e-16,1.0e-16,1.0e-16,1.0e-16,1.0e-16,1.0e-16,1.0e-16],"errors":[2.8639901076379467e-15,6.99816438712819e-15,1.0244318094908096e-14,5.141469005620375e-15,6.780172864043223e-15,1.0626402323915068e-14,8.139511843420381e-15,9.49341080402833e-15,7.297930532827213e-15,5.977479786469438e-15,1.0914989564400893e-14,9.309100381472822e-15,5.33142580810143e-15,7.524308385568714e-15,9.0349113369675e-15,6.691600555506933e-15,1.0639396354627053e-14,1.3415401720454624e-14,1.0316038875923344e-14,4.816790198319139e-15,9.201340622595797e-15,9.409853064190094e-15,9.425445490283479e-15,1.3880679104738922e-14,1.3497765117601973e-14,1.169076275754964e-14,8.499701380287808e-15,9.351169060057745e-15,2.2178615251030746e-14,1.9878927884082245e-14,1.0224179646265892e-14,1.4880134445163748e-14,1.5782567853514246e-14,8.75508386887352e-15,1.605591714326567e-14,8.764876020870817e-15,2.3147049041898674e-14,7.738448598263708e-15,2.1511109833920505e-14,2.5553220016102715e-14,1.7853123721517245e-14,1.8413118978470384e-14,1.3608045314911743e-14,7.762160794631269e-15,2.870209051123572e-14,8.49084014312894e-15,1.1594375685683325e-14,9.742381808264542e-15,8.425629023807686e-15,9.915946240404144e-15,8.070970601056511e-15,1.2541868950705021e-14,1.369498547482966e-14,1.6492356928031938e-14,1.0575783841810484e-14,1.3046617530472457e-14,1.3751775346647766e-14,1.6177873867779795e-14,1.0763672579189401e-14,1.9521718029648067e-14,6.147630382635936e-15,1.5492068405197497e-14,5.609151139871242e-15,8.49192089470627e-15,3.589122201669177e-14,1.3285717675354018e-14,1.6417075436895385e-14,6.904870443653454e-15,1.805145662893075e-14,9.401739221377707e-15,1.0160191004395891e-14,9.755810037313434e-15,1.4410896318235723e-14,1.282367455684471e-14,1.8868209683638977e-14,3.3988475650332796e-14,1.0633149597215452e-14,2.0922384240073677e-14,8.020411177767669e-15,2.6668451090325457e-14,1.0392061858827486e-14,2.2816569513961932e-14,1.797327121892985e-14,9.85778903165996e-15,2.1735423518505002e-14,8.855761152670596e-15,1.6548863908412143e-14,1.732970328477222e-14,1.2610744790303905e-14,1.84509925121725e-14,1.9908726401576383e-14,7.982863068867122e-15,2.1863625094126582e-14,7.401017820953791e-15,2.3513415479180843e-14,1.713313669628528e-14,1.8695369350101862e-14,1.1153957965090821e-14,9.125004473659163e-15,1.5837739640446958e-14],"branchN":100,"flags":[0.0,0.0,0.0,0.0,0.0,0.0,0.0,0.0,0.0,0.0,0.0,0.0,0.0,0.0,0.0,0.0,0.0,0.0,0.0,0.0,0.0,0.0,0.0,0.0,0.0,0.0,0.0,0.0,0.0,0.0,0.0,0.0,0.0,0.0,0.0,0.0,0.0,0.0,0.0,0.0,0.0,0.0,0.0,0.0,0.0,0.0,0.0,0.0,0.0,0.0,0.0,0.0,0.0,0.0,0.0,0.0,0.0,0.0,0.0,0.0,0.0,0.0,0.0,0.0,0.0,0.0,0.0,0.0,0.0,0.0,0.0,0.0,0.0,0.0,0.0,0.0,0.0,0.0,0.0,0.0,0.0,0.0,0.0,0.0,0.0,0.0,0.0,0.0,0.0,0.0,0.0,0.0,0.0,0.0,0.0,0.0,0.0,0.0,0.0,0.0],"a1Vals":[0.001,0.00429,0.00758,0.01087,0.01416,0.01745,0.02074,0.02403,0.02732,0.03061,0.0339,0.03719,0.04048,0.04377,0.04706,0.05035,0.05364,0.05693,0.06022,0.06351,0.0668,0.07009,0.07338,0.07667,0.07996,0.08325,0.08654,0.08983,0.09312,0.09641,0.0997,0.10299,0.10628,0.10957,0.11286,0.11615,0.11944,0.12273,0.12602,0.12931,0.1326,0.13589,0.13918,0.14247,0.14576,0.14905,0.15234,0.15563,0.15892,0.16221,0.1655,0.16879,0.17208,0.17537,0.17866,0.18195,0.18524,0.18853,0.19182,0.19511,0.1984,0.20169,0.20498,0.20827,0.21156,0.21485,0.21814,0.22143,0.22472,0.22801,0.2313,0.23459,0.23788,0.24117,0.24446,0.24775,0.25104,0.25433,0.25762,0.26091,0.2642,0.26749,0.27078,0.27407,0.27736,0.28065,0.28394,0.28723,0.29052,0.29381,0.2971,0.30039,0.30368,0.30697,0.31026,0.31355,0.31684,0.32013,0.32342,0.32671,0.33]}