{"b":0.1,"L":3.141592653589793,"B":1.5,"max_iter":40000,"N":32,"solver":"Broyden","tol":1.0e-12,"iterations":[3.0,15.0,23.0,84.0,114.0,93.0,227.0,243.0,204.0,126.0],"E":0.25,"initial_guess":[0.8153764022845229,1.0,0.001,1.0e-16,1.0e-16,1.0e-16,1.0e-16,1.0e-16,1.0e-16,1.0e-16,1.0e-16,1.0e-16,1.0e-16,1.0e-16,1.0e-16,1.0e-16,1.0e-16,1.0e-16,1.0e-16,1.0e-16,1.0e-16,1.0e-16,1.0e-16,1.0e-16,1.0e-16,1.0e-16,1.0e-16,1.0e-16,1.0e-16,1.0e-16,1.0e-16,1.0e-16,1.0e-16,1.0e-16],"errors":[1.5767411546498407e-14,2.0314119397624034e-10,8.234216442199691e-11,3.9411833948474365e-12,5.068688825445584e-13,6.103303738943808e-13,3.3273515344683993e-13,7.776200737851703e-14,2.881358027482617e-13,1.2668403056045211e-13],"branchN":10,"flags":[0.0,0.0,0.0,0.0,0.0,0.0,0.0,0.0,0.0,0.0],"a1Vals":[0.001,0.0339,0.0668,0.0997,0.1326,0.1655,0.1984,0.2313,0.2642,0.2971,0.33]}