{"b":0.1,"L":3.141592653589793,"B":1.5,"max_iter":40000,"N":38,"solver":"Broyden","tol":1.0e-8,"iterations":[2.0,9.0,9.0,8.0,9.0,10.0,10.0,80.0,26.0,62.0],"E":0.25,"initial_guess":[0.8153764022845229,1.0,0.001,1.0e-16,1.0e-16,1.0e-16,1.0e-16,1.0e-16,1.0e-16,1.0e-16,1.0e-16,1.0e-16,1.0e-16,1.0e-16,1.0e-16,1.0e-16,1.0e-16,1.0e-16,1.0e-16,1.0e-16,1.0e-16,1.0e-16,1.0e-16,1.0e-16,1.0e-16,1.0e-16,1.0e-16,1.0e-16,1.0e-16,1.0e-16,1.0e-16,1.0e-16,1.0e-16,1.0e-16,1.0e-16,1.0e-16,1.0e-16,1.0e-16,1.0e-16,1.0e-16],"errors":[3.155058814785341e-11,3.052678550826196e-7,2.555735218242186e-7,4.7588420961720773e-7,1.6052665708069936e-7,4.416449863468572e-8,2.6846993867266334e-8,3.2330129108054507e-9,2.4003367414803133e-9,1.0308110160896903e-9],"branchN":10,"flags":[0.0,0.0,0.0,0.0,0.0,0.0,0.0,0.0,0.0,0.0],"a1Vals":[0.001,0.0339,0.0668,0.0997,0.1326,0.1655,0.1984,0.2313,0.2642,0.2971,0.33]}