{"b":0.1,"L":3.141592653589793,"B":1.5,"max_iter":50000,"N":32,"solver":"Broyden","tol":1.0e-15,"iterations":[11.0,31.0,23.0,19.0,25.0,12.0,11.0,16.0,15.0,14.0,14.0,17.0,15.0,16.0,10.0,12.0,12.0,12.0,12.0,12.0,11.0,17.0,16.0,16.0,14.0,15.0,14.0,15.0,14.0,16.0,14.0,17.0,14.0,14.0,16.0,18.0,22.0,22.0,20.0,16.0,16.0,25.0,23.0,24.0,25.0,18.0,17.0,23.0,33.0,28.0,16.0,27.0,58.0,58.0,27.0,24.0,52.0,60.0,67.0,63.0,173.0,81.0,165.0,89.0,150.0,651.0,436.0,166.0,214.0,427.0,423.0,602.0,2632.0,357.0,487.0,1480.0,2638.0,528.0,715.0,7340.0,3642.0,1534.0,1638.0,1013.0,679.0,3807.0,932.0,4509.0,1210.0,2318.0,4729.0,4006.0,850.0,1660.0,1113.0,4490.0,572.0,4331.0,1150.0,5298.0],"E":0.25,"initial_guess":[0.8153764022845229,1.0,0.001,1.0e-16,1.0e-16,1.0e-16,1.0e-16,1.0e-16,1.0e-16,1.0e-16,1.0e-16,1.0e-16,1.0e-16,1.0e-16,1.0e-16,1.0e-16,1.0e-16,1.0e-16,1.0e-16,1.0e-16,1.0e-16,1.0e-16,1.0e-16,1.0e-16,1.0e-16,1.0e-16,1.0e-16,1.0e-16,1.0e-16,1.0e-16,1.0e-16,1.0e-16,1.0e-16,1.0e-16],"errors":[5.1650452757125306e-15,9.643212965387118e-15,6.421100504384599e-15,1.0142388032656726e-14,9.420556668719226e-15,9.419103122492796e-15,8.566043270647168e-15,6.9354159959426645e-15,1.1760159109045395e-14,8.465852774444036e-15,1.1150714289518688e-14,1.0696361923448469e-14,1.7816195156683033e-14,1.102024974814179e-14,1.7723483569979185e-14,1.5627072291793274e-14,7.501937678437137e-15,1.5658613803621667e-14,1.6483290911426023e-14,6.7890697513322036e-15,8.972899903582798e-15,1.0141441973731104e-14,8.849253236178302e-15,1.2418080116520329e-14,1.380721212440688e-14,6.784958767027126e-15,1.1982048644344435e-14,6.2135654981761715e-15,2.105914466437021e-14,9.44164528603372e-15,1.6957777620780487e-14,7.203246994190422e-15,1.2326631270686139e-14,3.1037052555143785e-14,2.3773481935128346e-14,7.006257462121667e-15,1.259011374123305e-14,1.2455588711970778e-14,2.234049703829077e-14,2.165394060322495e-14,2.7668780252503615e-14,1.41283411495184e-14,1.4939594367658588e-14,1.2678020638888379e-14,1.187897546857215e-14,1.8708878303228407e-14,9.808464065187867e-15,1.3238369432801307e-14,1.1153565264451593e-14,1.5099805871649217e-14,2.462467275738609e-14,1.9496145478959415e-14,1.9935300564059332e-14,1.2076538634311023e-14,1.473416117567717e-14,1.1077980496748406e-14,1.1246995522730231e-14,1.8746442603514557e-14,1.0382053690356365e-14,1.2525941155200826e-14,2.0370660422510828e-14,2.540647239050336e-14,1.2622105937321311e-14,2.3358243857029868e-14,1.188829535709626e-14,1.5993421510107033e-14,2.1869869782768852e-14,1.1153027759492348e-14,1.0777674812619007e-14,8.294976046315965e-15,1.8835759654866303e-14,5.05675760523178e-14,1.4104749088214219e-14,1.15703194615773e-14,8.735219550878078e-15,3.009811615355125e-14,1.4823464983939765e-14,1.7785263051836312e-14,1.2368875263803356e-14,1.846951858164152e-14,1.084779588877841e-14,1.515144794230676e-14,1.6316399042640373e-14,1.3756254821609182e-14,1.895283989776325e-14,1.7177646533561933e-14,8.742050556724562e-15,1.0320782126864631e-14,1.6468722441806568e-14,2.2650718889521557e-14,9.028986086138802e-15,1.671617046826526e-14,1.1170100846164721e-14,1.3210551883529335e-14,1.739385159557584e-14,2.0693640184145637e-14,9.440975216070127e-15,1.524758038913269e-14,1.1886551084621898e-14,1.519598122306351e-14],"branchN":100,"a1Vals":[0.001,0.00429,0.00758,0.01087,0.01416,0.01745,0.02074,0.02403,0.02732,0.03061,0.0339,0.03719,0.04048,0.04377,0.04706,0.05035,0.05364,0.05693,0.06022,0.06351,0.0668,0.07009,0.07338,0.07667,0.07996,0.08325,0.08654,0.08983,0.09312,0.09641,0.0997,0.10299,0.10628,0.10957,0.11286,0.11615,0.11944,0.12273,0.12602,0.12931,0.1326,0.13589,0.13918,0.14247,0.14576,0.14905,0.15234,0.15563,0.15892,0.16221,0.1655,0.16879,0.17208,0.17537,0.17866,0.18195,0.18524,0.18853,0.19182,0.19511,0.1984,0.20169,0.20498,0.20827,0.21156,0.21485,0.21814,0.22143,0.22472,0.22801,0.2313,0.23459,0.23788,0.24117,0.24446,0.24775,0.25104,0.25433,0.25762,0.26091,0.2642,0.26749,0.27078,0.27407,0.27736,0.28065,0.28394,0.28723,0.29052,0.29381,0.2971,0.30039,0.30368,0.30697,0.31026,0.31355,0.31684,0.32013,0.32342,0.32671,0.33]}