{"b":0.1,"L":3.141592653589793,"B":1.5,"max_iter":40000,"N":32,"solver":"Broyden","tol":1.0e-15,"iterations":[11.0,31.0,23.0,19.0,25.0,12.0,11.0,16.0,15.0,14.0,15.0,11.0,13.0,20.0,12.0,14.0,12.0,13.0,12.0,15.0,11.0,15.0,16.0,14.0,14.0,16.0,14.0,14.0,14.0,16.0,18.0,17.0,15.0,14.0,19.0,18.0,24.0,14.0,22.0,14.0,14.0,25.0,16.0,21.0,23.0,30.0,25.0,38.0,27.0,25.0,33.0,48.0,46.0,29.0,49.0,61.0,71.0,64.0,92.0,41.0,44.0,59.0,393.0,217.0,233.0,368.0,86.0,315.0,322.0,488.0,663.0,690.0,556.0,374.0,188.0,1283.0,1065.0,5789.0,630.0,3028.0,1060.0,4314.0,3384.0,1540.0,1922.0,2143.0,2580.0,1706.0,1596.0,1796.0,1139.0,1468.0,1892.0,1374.0,1722.0,1789.0,1377.0,1920.0,1386.0,3488.0],"E":0.25,"initial_guess":[0.8153764022845229,1.0,0.001,1.0e-16,1.0e-16,1.0e-16,1.0e-16,1.0e-16,1.0e-16,1.0e-16,1.0e-16,1.0e-16,1.0e-16,1.0e-16,1.0e-16,1.0e-16,1.0e-16,1.0e-16,1.0e-16,1.0e-16,1.0e-16,1.0e-16,1.0e-16,1.0e-16,1.0e-16,1.0e-16,1.0e-16,1.0e-16,1.0e-16,1.0e-16,1.0e-16,1.0e-16,1.0e-16,1.0e-16],"errors":[5.1650452757125306e-15,9.643212965387118e-15,6.421100504384599e-15,1.0142388032656726e-14,9.420556668719226e-15,9.419103122492796e-15,8.566043270647168e-15,6.9354159959426645e-15,1.1760159109045395e-14,8.465852774444036e-15,8.55257492931219e-15,7.299136130175853e-15,8.794144389432138e-15,1.9100925540561447e-14,1.333721300754314e-14,9.585846769642543e-15,8.188922322311439e-15,6.897954683992576e-15,2.269057870701343e-14,1.5965612828452794e-14,1.1186216920052349e-14,6.663106254076785e-15,1.703618557274149e-14,2.5945405109969914e-14,1.2640497305118113e-14,1.5216310651111206e-14,2.2123981408852958e-14,2.14219354367129e-14,2.147176269935544e-14,1.1649936603105644e-14,1.3621367339820598e-14,7.672503632085383e-15,5.545464447250318e-15,2.0639814507778285e-14,6.8152776127717506e-15,1.3867755628381392e-14,1.4434059963777753e-14,1.6132628922630804e-14,1.3733353224509898e-14,2.5576644910069104e-14,1.386975041855169e-14,1.292295021497276e-14,1.7671104850020987e-14,1.3042137595245922e-14,2.27925140688392e-14,1.3804358486636257e-14,7.446170696229971e-15,1.2297418832639902e-14,7.27971946899844e-15,8.404467025965918e-15,2.0992088039137337e-14,2.2590535432942837e-14,1.335210699325654e-14,1.715948418034704e-14,2.856506601655881e-14,4.1179490292979455e-14,1.2895405904598787e-14,1.6142834077680773e-14,1.2698053892950388e-14,1.1152484846479693e-14,1.1690060440147497e-14,1.6055504241287605e-14,1.492266592080847e-14,1.4207233602863656e-14,1.825098540616378e-14,1.2219101057273042e-14,1.1848520613454502e-14,1.2128877961177187e-14,4.267429310463678e-14,8.231334114569702e-15,1.419018842738958e-14,2.084673396419091e-14,1.1451946925470409e-14,1.5479888062541926e-14,7.461392804851096e-15,1.808931453965676e-14,1.41086862687473e-14,2.189533544579304e-14,1.8077807911070376e-14,1.2635751620242803e-14,2.2300805099883994e-14,1.5571298972888857e-14,1.509760161786709e-14,1.998677121908747e-14,3.1493178146825886e-14,1.659289888832518e-14,5.586868087293764e-15,7.062042565067377e-15,1.0254734618693266e-14,1.688135039211415e-14,2.571325712575113e-14,2.388859402393035e-14,1.5117187194963386e-14,1.3417161474183158e-14,1.1544030332486539e-14,1.6922013494406597e-14,1.3162210613202536e-14,1.526737616593088e-14,2.288815956919844e-14,2.382869917540766e-14],"branchN":100,"flags":[0.0,0.0,0.0,0.0,0.0,0.0,0.0,0.0,0.0,0.0,0.0,0.0,0.0,0.0,0.0,0.0,0.0,0.0,0.0,0.0,0.0,0.0,0.0,0.0,0.0,0.0,0.0,0.0,0.0,0.0,0.0,0.0,0.0,0.0,0.0,0.0,0.0,0.0,0.0,0.0,0.0,0.0,0.0,0.0,0.0,0.0,0.0,0.0,0.0,0.0,0.0,0.0,0.0,0.0,0.0,0.0,0.0,0.0,0.0,0.0,0.0,0.0,0.0,0.0,0.0,0.0,0.0,0.0,0.0,0.0,0.0,0.0,0.0,0.0,0.0,0.0,0.0,0.0,0.0,0.0,0.0,0.0,0.0,0.0,0.0,0.0,0.0,0.0,0.0,0.0,0.0,0.0,0.0,0.0,0.0,0.0,0.0,0.0,0.0,0.0],"a1Vals":[0.001,0.00429,0.00758,0.01087,0.01416,0.01745,0.02074,0.02403,0.02732,0.03061,0.0339,0.03719,0.04048,0.04377,0.04706,0.05035,0.05364,0.05693,0.06022,0.06351,0.0668,0.07009,0.07338,0.07667,0.07996,0.08325,0.08654,0.08983,0.09312,0.09641,0.0997,0.10299,0.10628,0.10957,0.11286,0.11615,0.11944,0.12273,0.12602,0.12931,0.1326,0.13589,0.13918,0.14247,0.14576,0.14905,0.15234,0.15563,0.15892,0.16221,0.1655,0.16879,0.17208,0.17537,0.17866,0.18195,0.18524,0.18853,0.19182,0.19511,0.1984,0.20169,0.20498,0.20827,0.21156,0.21485,0.21814,0.22143,0.22472,0.22801,0.2313,0.23459,0.23788,0.24117,0.24446,0.24775,0.25104,0.25433,0.25762,0.26091,0.2642,0.26749,0.27078,0.27407,0.27736,0.28065,0.28394,0.28723,0.29052,0.29381,0.2971,0.30039,0.30368,0.30697,0.31026,0.31355,0.31684,0.32013,0.32342,0.32671,0.33]}