{"b":0.1,"L":3.141592653589793,"B":1.5,"max_iter":40000,"N":22,"solver":"Broyden","tol":1.0e-15,"iterations":[11.0,17.0,13.0,17.0,16.0,11.0,18.0,11.0,11.0,11.0,15.0,29.0,12.0,12.0,13.0,15.0,13.0,19.0,12.0,10.0,15.0,13.0,14.0,16.0,15.0,15.0,14.0,14.0,14.0,16.0,16.0,18.0,16.0,16.0,14.0,15.0,14.0,17.0,19.0,14.0,14.0,14.0,14.0,14.0,14.0,19.0,16.0,16.0,17.0,18.0,18.0,17.0,16.0,18.0,18.0,20.0,20.0,18.0,23.0,26.0,23.0,19.0,17.0,19.0,15.0,34.0,18.0,21.0,17.0,53.0,53.0,37.0,23.0,73.0,39.0,18.0,46.0,104.0,64.0,81.0,44.0,89.0,63.0,153.0,49.0,344.0,175.0,100.0,207.0,166.0,177.0,1059.0,155.0,190.0,218.0,179.0,225.0,174.0,201.0,166.0],"E":0.25,"initial_guess":[0.8153764022845229,1.0,0.001,1.0e-16,1.0e-16,1.0e-16,1.0e-16,1.0e-16,1.0e-16,1.0e-16,1.0e-16,1.0e-16,1.0e-16,1.0e-16,1.0e-16,1.0e-16,1.0e-16,1.0e-16,1.0e-16,1.0e-16,1.0e-16,1.0e-16,1.0e-16,1.0e-16],"errors":[7.766603238109194e-16,9.49764572537917e-15,8.4510266060446e-15,8.708473743904374e-15,5.104746517696296e-15,2.437203092126084e-14,5.760101173064295e-15,9.465032178790845e-15,8.608282401939595e-15,1.006323778990745e-14,6.492137194258323e-15,4.512719999786198e-15,6.792167054398575e-15,9.136690563728078e-15,6.3857713570386716e-15,6.05439543047728e-15,4.872357450549979e-15,7.382056286902097e-15,1.5051375673473562e-14,1.6105073579564152e-14,7.0601128715595415e-15,1.439962686175639e-14,1.7265835745759622e-14,8.887763549814104e-15,4.627981111807603e-15,3.999227584955764e-15,1.7182662884085286e-14,1.113462919828891e-14,9.970292580897497e-15,9.67150975963172e-15,9.092054283355994e-15,5.464519885187096e-15,9.423581839583235e-15,1.1674780568176116e-14,1.3441168902487566e-14,1.3697182926089405e-14,1.2102188163524576e-14,5.92047654572388e-15,7.023971702674755e-15,1.625583866865812e-14,1.960158545200136e-14,2.2532450962112582e-14,1.7892849853023997e-14,2.4169849497654617e-14,2.0772899647102002e-14,1.2766925940971061e-14,2.3697640401598073e-14,1.1753609615624997e-14,9.992754669043044e-15,1.0281498512553524e-14,1.3952351561373128e-14,6.818301606537849e-15,2.6525281732585577e-14,2.1212636093960737e-14,1.1084776743549442e-14,2.3441774279245955e-14,1.0107474557388062e-14,9.724184708919302e-15,1.1087904548078024e-14,1.2702793064345526e-14,8.55086549392667e-15,1.2290244526722506e-14,5.524601917752142e-15,4.562861383058445e-15,1.2722118596161357e-14,1.0541254989931367e-14,1.0937031253680292e-14,9.257484576667223e-15,4.8658659428871775e-15,1.0260335639375366e-14,8.991258001487794e-15,6.414708624091216e-15,8.705532561476108e-15,1.569135921320171e-14,3.5247657804322183e-15,7.443824134725968e-15,1.1287054790961844e-14,9.167068733501057e-15,8.226587056653143e-15,1.269654443765521e-14,2.285000811975152e-14,6.488936661611787e-15,1.3215313399714514e-14,2.395886150736899e-14,8.409097933866332e-15,6.4352999596459966e-15,1.2822380966149524e-14,1.082341913380716e-14,1.9266516762602486e-14,8.664126324209841e-15,5.5646324328201795e-15,1.0333419236480237e-14,8.745016912590207e-15,5.139281926750937e-15,6.4274656671154215e-15,9.988240318366005e-15,5.026506934040158e-15,1.4085016728002103e-14,8.73530641173309e-15,8.002343467864722e-15],"branchN":100,"flags":[0.0,0.0,0.0,0.0,0.0,0.0,0.0,0.0,0.0,0.0,0.0,0.0,0.0,0.0,0.0,0.0,0.0,0.0,0.0,0.0,0.0,0.0,0.0,0.0,0.0,0.0,0.0,0.0,0.0,0.0,0.0,0.0,0.0,0.0,0.0,0.0,0.0,0.0,0.0,0.0,0.0,0.0,0.0,0.0,0.0,0.0,0.0,0.0,0.0,0.0,0.0,0.0,0.0,0.0,0.0,0.0,0.0,0.0,0.0,0.0,0.0,0.0,0.0,0.0,0.0,0.0,0.0,0.0,0.0,0.0,0.0,0.0,0.0,0.0,0.0,0.0,0.0,0.0,0.0,0.0,0.0,0.0,0.0,0.0,0.0,0.0,0.0,0.0,0.0,0.0,0.0,0.0,0.0,0.0,0.0,0.0,0.0,0.0,0.0,0.0],"a1Vals":[0.001,0.00429,0.00758,0.01087,0.01416,0.01745,0.02074,0.02403,0.02732,0.03061,0.0339,0.03719,0.04048,0.04377,0.04706,0.05035,0.05364,0.05693,0.06022,0.06351,0.0668,0.07009,0.07338,0.07667,0.07996,0.08325,0.08654,0.08983,0.09312,0.09641,0.0997,0.10299,0.10628,0.10957,0.11286,0.11615,0.11944,0.12273,0.12602,0.12931,0.1326,0.13589,0.13918,0.14247,0.14576,0.14905,0.15234,0.15563,0.15892,0.16221,0.1655,0.16879,0.17208,0.17537,0.17866,0.18195,0.18524,0.18853,0.19182,0.19511,0.1984,0.20169,0.20498,0.20827,0.21156,0.21485,0.21814,0.22143,0.22472,0.22801,0.2313,0.23459,0.23788,0.24117,0.24446,0.24775,0.25104,0.25433,0.25762,0.26091,0.2642,0.26749,0.27078,0.27407,0.27736,0.28065,0.28394,0.28723,0.29052,0.29381,0.2971,0.30039,0.30368,0.30697,0.31026,0.31355,0.31684,0.32013,0.32342,0.32671,0.33]}