{"b":0.1,"L":3.141592653589793,"B":1.5,"max_iter":50000,"N":22,"solver":"Broyden","tol":1.0e-15,"iterations":[11.0,17.0,13.0,17.0,16.0,11.0,18.0,11.0,11.0,11.0,17.0,22.0,14.0,14.0,14.0,17.0,12.0,12.0,26.0,10.0,22.0,13.0,14.0,23.0,14.0,14.0,18.0,14.0,16.0,14.0,18.0,20.0,14.0,14.0,14.0,32.0,14.0,16.0,17.0,18.0,17.0,16.0,20.0,17.0,18.0,20.0,14.0,14.0,21.0,24.0,19.0,20.0,18.0,22.0,18.0,18.0,20.0,20.0,22.0,43.0,22.0,19.0,23.0,28.0,14.0,17.0,17.0,37.0,19.0,39.0,53.0,33.0,29.0,37.0,42.0,87.0,45.0,168.0,32.0,50.0,70.0,80.0,125.0,31.0,137.0,156.0,183.0,424.0,104.0,270.0,226.0,253.0,164.0,214.0,368.0,108.0,762.0,423.0,409.0,206.0],"E":0.25,"initial_guess":[0.8153764022845229,1.0,0.001,1.0e-16,1.0e-16,1.0e-16,1.0e-16,1.0e-16,1.0e-16,1.0e-16,1.0e-16,1.0e-16,1.0e-16,1.0e-16,1.0e-16,1.0e-16,1.0e-16,1.0e-16,1.0e-16,1.0e-16,1.0e-16,1.0e-16,1.0e-16,1.0e-16],"errors":[7.766603238109194e-16,9.49764572537917e-15,8.4510266060446e-15,8.708473743904374e-15,5.104746517696296e-15,2.437203092126084e-14,5.760101173064295e-15,9.465032178790845e-15,8.608282401939595e-15,1.006323778990745e-14,9.801383522900493e-15,7.808837254532575e-15,7.595031848840894e-15,6.073110311364279e-15,9.800619616007329e-15,7.754124872443139e-15,1.1708112805327374e-14,1.0803445427663897e-14,4.450818564420559e-15,2.0638709106582053e-14,6.726503073326193e-15,6.840417758232086e-15,1.2819301036642493e-14,5.1587339065406345e-15,1.2934160648155837e-14,1.0016365238982873e-14,8.391809331953646e-15,1.3438622444906012e-14,1.427575057604594e-14,8.705253651708877e-15,4.314246903734901e-15,4.654090678341024e-15,1.2372879909706022e-14,1.1575756552313385e-14,1.724838206306171e-14,5.701343277798391e-15,1.45923219710906e-14,1.599523929673378e-14,6.568235649585928e-15,5.452998687617204e-15,6.837706918767371e-15,1.1487890410608443e-14,9.823638940297616e-15,7.816069567327294e-15,7.442776794324098e-15,4.941351298424547e-15,1.4019276651180061e-14,2.0572204321895805e-14,1.2765143082718141e-14,6.884363691556137e-15,8.31104383839115e-15,6.783884831425807e-15,1.6848300440519063e-14,1.2800511127196908e-14,1.2808481164413229e-14,6.3122823403636756e-15,9.049603633056765e-15,8.375505104192185e-15,6.684103365339578e-15,8.032394059319146e-15,1.3693648017286371e-14,1.1092947617650156e-14,8.840344846464285e-15,1.0830730765353645e-14,7.863105506452608e-15,8.946400554811836e-15,1.5209619172372253e-14,1.1231204055103062e-14,4.71218963425134e-15,4.747474791195544e-15,8.133887895233338e-15,4.105193832176807e-15,1.0962739603436637e-14,2.9741090218046525e-14,1.0381517561863321e-14,8.07302457458322e-15,1.7492628296658426e-14,7.617334585218923e-15,7.560814417173027e-15,7.917079866504361e-15,1.0269562673527196e-14,1.327910124614047e-14,5.195632125032769e-15,9.498340443512952e-15,9.364900965177948e-15,1.0191107484881747e-14,7.682973880934816e-15,7.575737534105059e-15,1.4889264135783393e-14,1.0668027302909124e-14,1.0193819335217391e-14,1.1384389256082386e-14,1.9831456062360145e-14,1.4537259813672517e-14,1.6805845909833618e-14,8.224046165227809e-15,7.889649960590148e-15,9.576022547104827e-15,1.2758066224323567e-14,4.719427289086741e-15],"branchN":100,"a1Vals":[0.001,0.00429,0.00758,0.01087,0.01416,0.01745,0.02074,0.02403,0.02732,0.03061,0.0339,0.03719,0.04048,0.04377,0.04706,0.05035,0.05364,0.05693,0.06022,0.06351,0.0668,0.07009,0.07338,0.07667,0.07996,0.08325,0.08654,0.08983,0.09312,0.09641,0.0997,0.10299,0.10628,0.10957,0.11286,0.11615,0.11944,0.12273,0.12602,0.12931,0.1326,0.13589,0.13918,0.14247,0.14576,0.14905,0.15234,0.15563,0.15892,0.16221,0.1655,0.16879,0.17208,0.17537,0.17866,0.18195,0.18524,0.18853,0.19182,0.19511,0.1984,0.20169,0.20498,0.20827,0.21156,0.21485,0.21814,0.22143,0.22472,0.22801,0.2313,0.23459,0.23788,0.24117,0.24446,0.24775,0.25104,0.25433,0.25762,0.26091,0.2642,0.26749,0.27078,0.27407,0.27736,0.28065,0.28394,0.28723,0.29052,0.29381,0.2971,0.30039,0.30368,0.30697,0.31026,0.31355,0.31684,0.32013,0.32342,0.32671,0.33]}