{"b":0.1,"L":3.141592653589793,"B":1.5,"max_iter":20000,"N":32,"solver":"Broyden","tol":1.0e-8,"iterations":[2.0,6.0,5.0,5.0,5.0,5.0,5.0,5.0,5.0,5.0,5.0,5.0,5.0,5.0,5.0,5.0,5.0,5.0,5.0,5.0,5.0,5.0,5.0,5.0,5.0,5.0,5.0,5.0,5.0,5.0,5.0,5.0,5.0,5.0,5.0,5.0,5.0,5.0,5.0,5.0,5.0,5.0,5.0,5.0,5.0,5.0,5.0,5.0,5.0,5.0,5.0,5.0,5.0,5.0,5.0,5.0,5.0,5.0,5.0,5.0,5.0,5.0,5.0,5.0,5.0,5.0,5.0,5.0,5.0,5.0,5.0,5.0,5.0,5.0,5.0,5.0,5.0,5.0,5.0,5.0,5.0,5.0,5.0,5.0,5.0,5.0,5.0,5.0,5.0,6.0,6.0,6.0,7.0,6.0,7.0,7.0,7.0,7.0,8.0,10.0],"E":0.25,"initial_guess":[0.8153764022845229,1.0,0.001,1.0e-16,1.0e-16,1.0e-16,1.0e-16,1.0e-16,1.0e-16,1.0e-16,1.0e-16,1.0e-16,1.0e-16,1.0e-16,1.0e-16,1.0e-16,1.0e-16,1.0e-16,1.0e-16,1.0e-16,1.0e-16,1.0e-16,1.0e-16,1.0e-16,1.0e-16,1.0e-16,1.0e-16,1.0e-16,1.0e-16,1.0e-16,1.0e-16,1.0e-16,1.0e-16,1.0e-16],"errors":[3.157235068341188e-11,4.30401348644802e-10,1.0387092829144596e-8,7.243842423102969e-9,5.622000713357853e-9,4.6240265882580545e-9,3.9463010649486544e-9,3.455964627311618e-9,3.085035020568219e-9,2.7949829218756213e-9,2.562190625658144e-9,2.371533596119293e-9,2.212681270867522e-9,2.0784693733248174e-9,1.963797033257259e-9,1.86473145173053e-9,1.7784908812056355e-9,1.7028251933648397e-9,1.6360117906414944e-9,1.5766719009843719e-9,1.5237928874317093e-9,1.4763229351523254e-9,1.4336004364533099e-9,1.3950313158568537e-9,1.3601470157126632e-9,1.328467867835e-9,1.299688639375246e-9,1.2734497887234172e-9,1.249557216446312e-9,1.2277650671998585e-9,1.2079019840791333e-9,1.1897821374070802e-9,1.1732887034062454e-9,1.1582809622867952e-9,1.1446724524711927e-9,1.1323936349703022e-9,1.121337206680691e-9,1.1114865413124177e-9,1.1027572544585889e-9,1.0951219060714761e-9,1.088556162957734e-9,1.0830601976982757e-9,1.0785739099528296e-9,1.0751375049206488e-9,1.0727701499593563e-9,1.0714297959448139e-9,1.071195583034559e-9,1.0721005616962396e-9,1.0741685939439812e-9,1.0773866678198189e-9,1.0819657723874723e-9,1.0879036171787346e-9,1.0952175401033532e-9,1.1041785292839772e-9,1.1147434140038078e-9,1.1272254273471993e-9,1.141549786239444e-9,1.15832553237998e-9,1.1767751110352485e-9,1.198627487573513e-9,1.2232063179403847e-9,1.2509116670896738e-9,1.2813479169689933e-9,1.3151068582218157e-9,1.3519211197458602e-9,1.3987406544515393e-9,1.4458054494130452e-9,1.50384400749579e-9,1.5593676901539557e-9,1.6273095042047686e-9,1.7095745280779262e-9,1.7899038383696046e-9,1.916342435720069e-9,1.9815456463055536e-9,2.1450672930506608e-9,2.2342130010235277e-9,2.3805487837673465e-9,2.5433650652374566e-9,2.8559158295763454e-9,3.008281811264076e-9,3.2691470639069057e-9,3.4164722318846323e-9,3.804420345451057e-9,4.504715526194495e-9,4.773114493871799e-9,6.1205034243679e-9,6.433813372300743e-9,7.566573218637597e-9,8.822372894815555e-9,1.6855880867709129e-9,2.2992935843679773e-9,4.362128814669851e-9,8.855451705434553e-11,8.000335329004924e-9,1.3178869528844765e-10,5.954401912692226e-10,4.215442668873149e-10,1.0183698367964374e-9,1.564769399727846e-10,5.555736106960307e-10],"branchN":100,"flags":[0.0,0.0,0.0,0.0,0.0,0.0,0.0,0.0,0.0,0.0,0.0,0.0,0.0,0.0,0.0,0.0,0.0,0.0,0.0,0.0,0.0,0.0,0.0,0.0,0.0,0.0,0.0,0.0,0.0,0.0,0.0,0.0,0.0,0.0,0.0,0.0,0.0,0.0,0.0,0.0,0.0,0.0,0.0,0.0,0.0,0.0,0.0,0.0,0.0,0.0,0.0,0.0,0.0,0.0,0.0,0.0,0.0,0.0,0.0,0.0,0.0,0.0,0.0,0.0,0.0,0.0,0.0,0.0,0.0,0.0,0.0,0.0,0.0,0.0,0.0,0.0,0.0,0.0,0.0,0.0,0.0,0.0,0.0,0.0,0.0,0.0,0.0,0.0,0.0,0.0,0.0,0.0,0.0,0.0,0.0,0.0,0.0,0.0,0.0,0.0],"a1Vals":[0.001,0.00429,0.00758,0.01087,0.01416,0.01745,0.02074,0.02403,0.02732,0.03061,0.0339,0.03719,0.04048,0.04377,0.04706,0.05035,0.05364,0.05693,0.06022,0.06351,0.0668,0.07009,0.07338,0.07667,0.07996,0.08325,0.08654,0.08983,0.09312,0.09641,0.0997,0.10299,0.10628,0.10957,0.11286,0.11615,0.11944,0.12273,0.12602,0.12931,0.1326,0.13589,0.13918,0.14247,0.14576,0.14905,0.15234,0.15563,0.15892,0.16221,0.1655,0.16879,0.17208,0.17537,0.17866,0.18195,0.18524,0.18853,0.19182,0.19511,0.1984,0.20169,0.20498,0.20827,0.21156,0.21485,0.21814,0.22143,0.22472,0.22801,0.2313,0.23459,0.23788,0.24117,0.24446,0.24775,0.25104,0.25433,0.25762,0.26091,0.2642,0.26749,0.27078,0.27407,0.27736,0.28065,0.28394,0.28723,0.29052,0.29381,0.2971,0.30039,0.30368,0.30697,0.31026,0.31355,0.31684,0.32013,0.32342,0.32671,0.33]}