{"b":0.1,"L":3.141592653589793,"B":1.5,"max_iter":40000,"N":36,"solver":"Broyden","tol":1.0e-14,"iterations":[3.0,12.0,11.0,11.0,11.0,11.0,8.0,8.0,8.0,8.0,8.0,8.0,8.0,8.0,8.0,8.0,8.0,8.0,8.0,8.0,10.0,10.0,10.0,10.0,14.0,12.0,12.0,14.0,14.0,12.0,12.0,14.0,18.0,14.0,12.0,14.0,20.0,18.0,16.0,14.0,20.0,20.0,18.0,18.0,20.0,26.0,18.0,21.0,25.0,22.0,23.0,22.0,23.0,43.0,14.0,26.0,30.0,32.0,28.0,37.0,37.0,41.0,213.0,53.0,85.0,66.0,212.0,246.0,207.0,122.0,220.0,404.0,154.0,457.0,202.0,163.0,254.0,451.0,366.0,196.0,1129.0,774.0,651.0,877.0,315.0,394.0,729.0,1148.0,1732.0,1171.0,828.0,4951.0,1553.0,1041.0,3138.0,1445.0,1686.0,1163.0,1195.0,989.0],"E":0.25,"initial_guess":[0.8153764022845229,1.0,0.001,1.0e-16,1.0e-16,1.0e-16,1.0e-16,1.0e-16,1.0e-16,1.0e-16,1.0e-16,1.0e-16,1.0e-16,1.0e-16,1.0e-16,1.0e-16,1.0e-16,1.0e-16,1.0e-16,1.0e-16,1.0e-16,1.0e-16,1.0e-16,1.0e-16,1.0e-16,1.0e-16,1.0e-16,1.0e-16,1.0e-16,1.0e-16,1.0e-16,1.0e-16,1.0e-16,1.0e-16,1.0e-16,1.0e-16,1.0e-16,1.0e-16],"errors":[2.497904177116534e-14,3.1472083070375747e-14,1.6529471939341866e-14,3.660503567144473e-14,5.05973279924104e-14,2.67372354224394e-14,8.122802454287221e-14,6.705428976198957e-14,5.431688659795764e-14,4.364391480990378e-14,4.7128017958615846e-14,7.255455836454255e-14,5.0666662893853724e-14,3.619395718402645e-14,3.4938676551584544e-14,3.576713962926428e-14,3.140471703511183e-14,3.597299783342104e-14,3.3649676397170326e-14,2.9711590413579387e-14,1.0146347049539682e-13,9.822102211341092e-14,9.768502465084429e-14,1.0625376761022516e-13,1.3585352638939458e-14,3.9839989702500837e-14,3.8839499738041536e-14,3.02433973166829e-14,2.816139713213275e-14,2.868674621017329e-14,3.6671472070504825e-14,3.4753955212878436e-14,1.802828965437934e-14,2.992042050539004e-14,5.595462647682835e-14,2.1603813893832523e-14,1.6477034816724435e-14,2.0382502968585256e-14,1.658842867344949e-14,2.9321693006513574e-14,1.0528761211865573e-14,1.6247693094323517e-14,1.4474907400697508e-14,3.1431468289314294e-14,2.3981980887745635e-14,2.0913092009086795e-14,1.4931865692358242e-14,2.4679694711398844e-14,2.0703315314197517e-14,2.02218737293554e-14,9.771999729014759e-15,2.3875555107746823e-14,2.1154094654622762e-14,1.9141461251175808e-14,1.69620295097563e-14,2.082668870891728e-14,2.1077174827970538e-14,2.709742038872317e-14,1.3371373300978186e-14,2.4632104807154815e-14,1.7085153618570652e-14,3.691427505090821e-14,1.623805142440541e-14,1.6338852047164793e-14,2.037887035486022e-14,1.875254884201536e-14,3.587121870656181e-14,2.8198246453344613e-14,1.8827984020078057e-14,2.910072742646069e-14,1.2714395541779447e-14,3.5620954642929194e-14,2.2666995853075617e-14,7.330542083398699e-15,2.3157239789895018e-14,2.3958420060938495e-14,1.434731102955802e-14,1.6842025779376398e-14,2.236391457692846e-14,1.5346581185214512e-14,2.2863801170016328e-14,2.85228602326297e-14,1.7836321548891632e-14,4.1195075104395284e-14,1.4331479915344006e-14,2.838799118168301e-14,1.4795268303372835e-14,5.728974993933634e-14,3.0069394936418303e-14,1.7004031125635626e-14,1.6536588033899042e-14,2.5962573527047366e-14,2.312419962456851e-14,1.905516263874493e-14,2.1648051162586065e-14,3.424287069509939e-14,1.5544765948527744e-14,2.0232191088620517e-14,2.1239823844288178e-14,1.317097154561528e-14],"branchN":100,"a1Vals":[0.001,0.00429,0.00758,0.01087,0.01416,0.01745,0.02074,0.02403,0.02732,0.03061,0.0339,0.03719,0.04048,0.04377,0.04706,0.05035,0.05364,0.05693,0.06022,0.06351,0.0668,0.07009,0.07338,0.07667,0.07996,0.08325,0.08654,0.08983,0.09312,0.09641,0.0997,0.10299,0.10628,0.10957,0.11286,0.11615,0.11944,0.12273,0.12602,0.12931,0.1326,0.13589,0.13918,0.14247,0.14576,0.14905,0.15234,0.15563,0.15892,0.16221,0.1655,0.16879,0.17208,0.17537,0.17866,0.18195,0.18524,0.18853,0.19182,0.19511,0.1984,0.20169,0.20498,0.20827,0.21156,0.21485,0.21814,0.22143,0.22472,0.22801,0.2313,0.23459,0.23788,0.24117,0.24446,0.24775,0.25104,0.25433,0.25762,0.26091,0.2642,0.26749,0.27078,0.27407,0.27736,0.28065,0.28394,0.28723,0.29052,0.29381,0.2971,0.30039,0.30368,0.30697,0.31026,0.31355,0.31684,0.32013,0.32342,0.32671,0.33]}