{"b":0.1,"L":3.141592653589793,"B":1.5,"max_iter":40000,"N":36,"solver":"Broyden","tol":1.0e-14,"iterations":[3.0,12.0,11.0,11.0,11.0,11.0,8.0,8.0,8.0,8.0,8.0,8.0,8.0,8.0,8.0,8.0,8.0,8.0,8.0,8.0,10.0,10.0,10.0,10.0,12.0,14.0,14.0,12.0,12.0,12.0,14.0,14.0,14.0,14.0,18.0,14.0,18.0,18.0,18.0,16.0,16.0,14.0,16.0,20.0,22.0,23.0,18.0,21.0,21.0,21.0,27.0,31.0,25.0,28.0,23.0,29.0,17.0,92.0,56.0,59.0,23.0,45.0,126.0,90.0,58.0,155.0,105.0,59.0,95.0,174.0,117.0,159.0,813.0,373.0,225.0,347.0,590.0,287.0,320.0,352.0,395.0,450.0,6157.0,522.0,1522.0,468.0,257.0,1305.0,1643.0,441.0,1002.0,397.0,703.0,3114.0,806.0,3399.0,541.0,881.0,1346.0,3919.0],"E":0.25,"initial_guess":[0.8153764022845229,1.0,0.001,1.0e-16,1.0e-16,1.0e-16,1.0e-16,1.0e-16,1.0e-16,1.0e-16,1.0e-16,1.0e-16,1.0e-16,1.0e-16,1.0e-16,1.0e-16,1.0e-16,1.0e-16,1.0e-16,1.0e-16,1.0e-16,1.0e-16,1.0e-16,1.0e-16,1.0e-16,1.0e-16,1.0e-16,1.0e-16,1.0e-16,1.0e-16,1.0e-16,1.0e-16,1.0e-16,1.0e-16,1.0e-16,1.0e-16,1.0e-16,1.0e-16],"errors":[2.497904177116534e-14,3.1472083070375747e-14,1.6529471939341866e-14,3.660503567144473e-14,5.05973279924104e-14,2.67372354224394e-14,8.122802454287221e-14,6.705428976198957e-14,5.431688659795764e-14,4.364391480990378e-14,4.408555083413121e-14,7.077064300423993e-14,4.6866317977065914e-14,3.560874387257451e-14,3.7814870718134154e-14,3.770760263952403e-14,3.119963434265438e-14,4.2137585787707575e-14,3.182704002080539e-14,3.434342476545312e-14,1.0410917094889807e-13,9.640685999459077e-14,9.7182321891887e-14,1.0174731216754701e-13,3.709521016647057e-14,2.839428820264537e-14,1.9220665780780848e-14,3.321387067725332e-14,3.251592136387751e-14,2.784528728047452e-14,2.1564924462948224e-14,4.0277532928479235e-14,2.77400781313421e-14,2.1302602357950533e-14,1.20632706174884e-14,2.190572469746102e-14,1.598446474393518e-14,1.8210951870527545e-14,1.3163102357204669e-14,2.0773637329851264e-14,3.3610998727235203e-14,1.853469339961674e-14,1.8902012846178422e-14,3.273970998389791e-14,2.2973532795751975e-14,1.3839525944088634e-14,4.713624137791938e-14,1.5728107409422025e-14,1.548688265811329e-14,4.033334530790953e-14,2.3294721704007423e-14,2.3838444422278e-14,1.5105225513541848e-14,2.7952443341396052e-14,1.7775307151528508e-14,1.672765570577342e-14,2.899564378866291e-14,2.0063718048345818e-14,2.881667128703581e-14,1.2495683578437416e-14,1.2669450319608879e-14,2.097332311773228e-14,2.1020221375362674e-14,1.8293553362134223e-14,2.0324831121167666e-14,3.5773306546792247e-14,1.5420792603439116e-14,1.8348468742072606e-14,3.3051296726664274e-14,1.9205906393058245e-14,2.052207820926093e-14,1.5100220788356657e-14,1.476079709016981e-14,3.53287349863824e-14,2.1915175231126552e-14,2.466275717768566e-14,1.8625597243983245e-14,1.6979356338163547e-14,1.3133411670033616e-14,2.4088801214866392e-14,1.7369876929323995e-14,2.931822272494647e-14,2.9282342348856453e-14,1.9282732125379676e-14,2.0388030289237492e-14,2.1239724169203484e-14,1.6589231088275433e-14,2.673371153126519e-14,3.839374895897899e-14,2.7968932432111264e-14,2.5321638632484413e-14,1.569277128307432e-14,1.7829735595078153e-14,1.2733473565060329e-14,1.9411490057017578e-14,1.7858317054258247e-14,2.883833312360529e-14,2.857191632880055e-14,1.4531814701198255e-14,1.55631514655017e-14],"branchN":100,"flags":[0.0,0.0,0.0,0.0,0.0,0.0,0.0,0.0,0.0,0.0,0.0,0.0,0.0,0.0,0.0,0.0,0.0,0.0,0.0,0.0,0.0,0.0,0.0,0.0,0.0,0.0,0.0,0.0,0.0,0.0,0.0,0.0,0.0,0.0,0.0,0.0,0.0,0.0,0.0,0.0,0.0,0.0,0.0,0.0,0.0,0.0,0.0,0.0,0.0,0.0,0.0,0.0,0.0,0.0,0.0,0.0,0.0,0.0,0.0,0.0,0.0,0.0,0.0,0.0,0.0,0.0,0.0,0.0,0.0,0.0,0.0,0.0,0.0,0.0,0.0,0.0,0.0,0.0,0.0,0.0,0.0,0.0,0.0,0.0,0.0,0.0,0.0,0.0,0.0,0.0,0.0,0.0,0.0,0.0,0.0,0.0,0.0,0.0,0.0,0.0],"a1Vals":[0.001,0.00429,0.00758,0.01087,0.01416,0.01745,0.02074,0.02403,0.02732,0.03061,0.0339,0.03719,0.04048,0.04377,0.04706,0.05035,0.05364,0.05693,0.06022,0.06351,0.0668,0.07009,0.07338,0.07667,0.07996,0.08325,0.08654,0.08983,0.09312,0.09641,0.0997,0.10299,0.10628,0.10957,0.11286,0.11615,0.11944,0.12273,0.12602,0.12931,0.1326,0.13589,0.13918,0.14247,0.14576,0.14905,0.15234,0.15563,0.15892,0.16221,0.1655,0.16879,0.17208,0.17537,0.17866,0.18195,0.18524,0.18853,0.19182,0.19511,0.1984,0.20169,0.20498,0.20827,0.21156,0.21485,0.21814,0.22143,0.22472,0.22801,0.2313,0.23459,0.23788,0.24117,0.24446,0.24775,0.25104,0.25433,0.25762,0.26091,0.2642,0.26749,0.27078,0.27407,0.27736,0.28065,0.28394,0.28723,0.29052,0.29381,0.2971,0.30039,0.30368,0.30697,0.31026,0.31355,0.31684,0.32013,0.32342,0.32671,0.33]}